_step,val/16-math-easy/entropy/avg,val/16-math-medium/entropy/avg,val/16-math-hard/entropy/avg
0,0.17891189455986023,0.2259056121110916,0.23924073576927185
50,0.15572312474250793,0.22278860211372375,0.24952004849910736
100,0.11822892725467682,0.21684713661670685,0.245663583278656
150,0.08205315470695496,0.2089909017086029,0.22005413472652435
200,0.08565062284469604,0.185078427195549,0.20809096097946167
250,0.06682109832763672,0.18608292937278748,0.17394989728927612
300,0.06532086431980133,0.18180108070373535,0.1960746794939041
350,0.052242957055568695,0.16868747770786285,0.18264439702033997
400,0.05833695828914642,0.1951914131641388,0.20972099900245667
450,0.06035440415143967,0.20281319320201874,0.18664240837097168
500,0.05124226212501526,0.19025549292564392,0.18494746088981628
550,0.05141526460647583,0.18562403321266174,0.18514016270637512
600,0.04422799497842789,0.13934782147407532,0.1316905915737152
650,0.018048252910375595,0.1083822175860405,0.09824710339307785
700,0.017502708360552788,0.0718485563993454,0.10387849807739258
750,0.00028097210451960564,0.00032457744237035513,0.0004977371427230537
800,0.0002646838256623596,0.00021968697546981275,0.0004239817208144814
850,0.00021884439047425985,0.00014633688260801136,0.00034661238896660507
900,0.0001518205099273473,0.00014045773423276842,0.00019212652114219964
950,0.00015223768423311412,8.030259050428867e-05,0.0001407558738719672
1000,0.00011431242455728352,0.00013064168160781264,0.00015285410336218774
1050,9.615696035325527e-05,8.786428952589631e-05,0.00012490234803408384
1100,0.00010318946442566812,9.184569353237748e-05,0.00011578947305679321
1150,6.645603571087122e-05,8.537477697245777e-05,0.00010921343346126378
