_step,val-core/math-easy/reward/pass@1,val-core/math-medium/reward/pass@1,val-core/math-hard/reward/pass@1
0,0.6171875,0.10112359550561797,0.04507042253521127
50,0.62939453125,0.10014655593551539,0.04627766599597585
100,0.6494140625,0.10503175378602833,0.04909456740442656
150,0.6494140625,0.10161211529066927,0.04386317907444668
200,0.64453125,0.10258915486077186,0.05070422535211268
250,0.65478515625,0.10356619443087445,0.04346076458752515
300,0.66455078125,0.10405471421592574,0.04507042253521127
350,0.650390625,0.0991695163654128,0.04788732394366197
400,0.654296875,0.10258915486077186,0.0482897384305835
450,0.64990234375,0.11138251099169516,0.04668008048289739
500,0.6572265625,0.10356619443087445,0.0454728370221328
550,0.6494140625,0.10161211529066927,0.04426559356136821
