_step,actor/grad_norm,actor/perplexity,rollout/avg_response_length,reward/score/mean
1,0.08055642992258072,1.5643487572669983,334.0625,0.07421875
2,0.11955031007528305,1.4831438064575195,356.5416564941406,0.12109375
3,0.08920519053936005,1.3240850567817688,291.9375,0.0625
4,0.16599707305431366,1.4812615428652083,306.5714416503906,0.203125
5,0.13191962242126465,1.3626207907994587,332.25,0.15234375
6,0.07832198590040207,1.3749001026153564,311.75,0.02734375
7,0.06032010167837143,1.6730120182037354,440.625,0.02734375
8,0.08602741360664368,1.4787254929542542,327.5,0.0546875
9,0.09136063605546951,1.6982450485229492,316.5625,0.0625
10,0.08778317272663116,1.839673399925232,304.8125,0.08203125
11,0.09689792990684509,1.2723309993743896,307,0.0859375
12,0.15236447751522064,1.3480087995529175,345.8500061035156,0.15625
13,0.12556685507297516,1.252288579940796,455.4750061035156,0.15234375
14,0.11759857088327408,1.7081698576609294,294.2916564941406,0.171875
15,0.09843884408473969,1.25546662012736,335.1666564941406,0.1171875
16,0.10681809484958649,1.5295699834823608,278.0625,0.08203125
17,0.13035228848457336,1.374148041009903,341.09375,0.13671875
18,0.17263449728488922,1.5066842436790466,307.0833435058594,0.203125
19,0.111714206635952,1.433101733525594,238.25,0.109375
20,0.09714009612798691,1.2935236096382141,300.1875,0.06640625
21,0.09089428186416626,1.3976656198501587,216.0625,0.1328125
22,0.09010304510593414,1.4330869913101196,306.25,0.109375
23,0.09138964116573334,1.3214980959892273,329.5,0.1328125
24,0.09810120612382889,1.364285945892334,269.5,0.08984375
25,0.12515497207641602,1.4176466862360637,297.875,0.1015625
26,0.12407156825065613,1.444079965353012,248.875,0.12890625
27,0.09660801291465759,1.5652297735214233,266.4375,0.1875
28,0.06655804812908173,1.5805699825286865,241.625,0.04296875
29,0.17952586710453033,1.3951926827430725,337.1458435058594,0.19921875
30,0.1712682545185089,1.4398258924484253,290.0208435058594,0.19140625
31,0.12143708765506744,1.342721422513326,229.1666717529297,0.08203125
32,0.1624908596277237,1.5042019486427307,306,0.11328125
33,0.08999098092317581,1.3237485885620117,339.375,0.04296875
34,0.13008342683315277,1.4790905714035034,278.25,0.07421875
35,0.06830807030200958,1.2809481620788574,493.375,0.01953125
36,0.11403121799230576,1.3122095664342244,296.4166564941406,0.12109375
37,0.1198422759771347,1.2927908102671306,303.9166564941406,0.1015625
38,0.12087933719158173,1.4868395725886028,298.0833435058594,0.09765625
39,0.14983665943145752,1.4220349311828613,291.54998779296875,0.1796875
40,0.13421322405338287,1.5113412936528523,236.9166717529297,0.22265625
41,0.14305230975151062,1.5343222916126251,233.84375,0.16796875
42,0.11187965422868729,1.4747451941172283,284.4166564941406,0.11328125
43,0.13997165858745575,1.5295165379842122,278.0416564941406,0.16015625
44,0.1055356040596962,1.3136609395345051,264.1666564941406,0.24609375
45,0.10997051745653152,1.4333773056666057,264.5,0.078125
46,0.13150231540203094,1.583975354830424,291.0416564941406,0.140625
47,0.14085569977760315,1.5575903256734211,235.0833282470703,0.08984375
48,0.11717312783002853,1.476770043373108,230.3125,0.1484375
49,0.14908163249492645,1.3016927540302277,269.96875,0.26171875
50,0.16687381267547607,1.3988065123558044,268.15625,0.19921875
51,0.18645678460597992,1.479335001536778,282.0714416503906,0.234375
52,0.16825461387634277,1.3446377686091833,277.75,0.2109375
53,0.1772129088640213,1.2315819528367784,286.22222900390625,0.3046875
54,0.065686896443367,1.3984522819519043,254.75,0.01953125
55,0.11802557110786438,1.4068913062413533,273.7083435058594,0.09765625
56,0.10157325863838196,1.3644049167633057,260,0.22265625
57,0.17295461893081665,1.4337146580219269,244.71875,0.1875
58,0.11116600036621094,1.5935174822807312,224.875,0.18359375
59,0.13372252881526947,1.3901452620824177,261.5,0.10546875
60,0.17814841866493225,1.2749402693339758,203.2142791748047,0.234375
61,0.17741461098194122,1.345560073852539,228.015625,0.30859375
62,0.16774743795394897,1.4241952896118164,241.875,0.19140625
63,0.11867070943117142,1.33181494474411,298.3125,0.05078125
64,0.1742386817932129,1.4181610584259032,227.75,0.15234375
65,0.0629819855093956,1.4459545612335205,264,0.0546875
66,0.1806526780128479,1.324921863419669,257.2321472167969,0.23046875
67,0.14077195525169373,1.3295838356018066,220.5749969482422,0.23828125
68,0.13502448797225952,1.3407454013824462,224.6999969482422,0.21875
69,0.06358043104410172,1.2173787355422974,196.5,0.23828125
70,0.14598695933818817,1.3193533182144166,231.6750030517578,0.1640625
71,0.1415402591228485,1.4288613001505535,215.875,0.16015625
72,0.15259362757205963,1.3165959417819977,208.21875,0.2734375
73,0.1138179823756218,1.463611125946045,243.9375,0.07421875
74,0.2426782250404358,1.3118420328412737,218.7857208251953,0.265625
75,0.18507526814937592,1.257364183664322,239.375,0.14453125
76,0.17140690982341766,1.2807943026224773,287.2916564941406,0.17578125
77,0.12035210430622101,1.3853564262390137,223.6666717529297,0.29296875
78,0.1374925971031189,1.2893414894739788,204.5,0.18359375
79,0.2461937665939331,1.3481875828334264,220.80357360839844,0.2109375
80,0.07521270215511322,1.3708125352859497,252.375,0.1171875
81,0.19152730703353882,1.3928696155548095,291,0.15625
82,0.15810252726078033,1.315020223458608,213.4791717529297,0.328125
83,0.1477004438638687,1.3339351018269856,242.375,0.2265625
84,0.2809295952320099,1.3243078101765027,194.84091186523438,0.3984375
85,0.20054411888122559,1.3936031659444172,188.7291717529297,0.265625
86,0.26603201031684875,1.3029190301895142,215.80682373046875,0.359375
87,0.23628312349319458,1.4052886247634888,218.6750030517578,0.15625
88,0.1470155566930771,1.2892625331878662,211.3333282470703,0.15234375
89,0.1100924089550972,1.2327586809794109,247.4583282470703,0.21875
90,0.0781111791729927,1.170759677886963,147.875,0.11328125
91,0.20782944560050964,1.3462620228528976,207.421875,0.3203125
92,0.28601905703544617,1.2976163923740387,202.3541717529297,0.37109375
93,0.1449979543685913,1.2851398885250092,194.28125,0.12109375
94,0.08513086289167404,1.495521068572998,258.75,0.09765625
95,0.10575643926858902,1.2495504021644592,178,0.13671875
96,0.150834321975708,1.2374703288078308,178.0625,0.19921875
97,0.26050302386283875,1.3139243721961975,231.171875,0.33203125
98,0.14558173716068268,1.2626766562461853,214.3125,0.26171875
99,0.3147636353969574,1.3272528307778495,203.75,0.2265625
100,0.07376676797866821,1.3557610511779785,193.25,0.09375
101,0.11496804654598236,1.256651520729065,220.25,0.26171875
102,0.25748103857040405,1.3051433861255646,193.078125,0.2734375
103,0.16738682985305786,1.3008929093678792,228.25,0.1796875
104,0.13233938813209534,1.2366719245910645,204.5,0.10546875
105,0.2668594717979431,1.3082269941057478,190.92857360839844,0.2890625
106,0.19871649146080017,1.2959992170333863,191.85000610351562,0.34765625
107,0.15490761399269104,1.3443202376365662,193.15625,0.15234375
108,0.1870366632938385,1.322104016939799,181.5416717529297,0.17578125
109,0.12959833443164825,1.283397634824117,186.5,0.12109375
110,0.15398569405078888,1.3548657894134521,178,0.2578125
111,0.14224563539028168,1.403849760691325,192.75,0.0859375
112,0.15081577003002167,1.3601728677749634,215.5,0.15625
113,0.14992080628871918,1.2694620688756306,188.4166717529297,0.14453125
114,0.2826538681983948,1.3042357138225011,172.39285278320312,0.2265625
115,0.18607766926288605,1.313196450471878,200.25,0.1875
116,0.13583573698997498,1.3008099794387817,186.625,0.3515625
117,0.1984904706478119,1.315859466791153,176.65625,0.19140625
118,0.12409603595733643,1.3289660215377808,179.8125,0.14453125
119,0.27320513129234314,1.3510660258206455,198.4204559326172,0.3359375
120,0.1691838502883911,1.3274733424186707,185.4375,0.20703125
121,0.20420753955841064,1.4165137608846028,176.0833282470703,0.2578125
122,0.2899338901042938,1.2698612213134766,177.17857360839844,0.2890625
123,0.15636208653450012,1.2811555465062459,223.75,0.16015625
124,0.1617538034915924,1.3249337673187256,169.8125,0.2421875
125,0.2286674529314041,1.2809772491455078,165.875,0.3203125
126,0.28284478187561035,1.312993335723877,136.3249969482422,0.1640625
127,0.1945418268442154,1.2498859167099,198.32142639160156,0.34375
128,0.14028283953666687,1.280402660369873,196.5,0.06640625
129,0.14630670845508575,1.2522685130437214,246.7916717529297,0.17578125
130,0.27660125494003296,1.3344027485166277,173.10714721679688,0.28125
131,0.17740966379642487,1.2998761415481568,179.4499969482422,0.29296875
132,0.24503301084041595,1.414022183418274,142.85000610351562,0.28515625
133,0.378097265958786,1.2399467494752672,158.76388549804688,0.4140625
134,0.11834046989679337,1.2344413995742798,195,0.09765625
135,0.2337011694908142,1.2961042165756225,155.375,0.21875
136,0.31701692938804626,1.2820665687322617,156.609375,0.390625
137,0.16942311823368073,1.2964896361033122,134.625,0.2890625
138,0.23812776803970337,1.3019143144289653,162.6458282470703,0.18359375
139,0.19592680037021637,1.3844686448574066,133.40625,0.19140625
140,0.263182669878006,1.2926735579967499,147.90625,0.26171875
141,0.10436061024665833,1.34092378616333,149.75,0.08984375
142,0.30691561102867126,1.3522477447986603,138.25,0.328125
143,0.20139776170253754,1.2955949306488037,138.97500610351562,0.2890625
144,0.1585855633020401,1.4119655787944794,187.125,0.24609375
145,0.19077056646347046,1.2970835447311402,152.625,0.171875
146,0.41700246930122375,1.3556416630744934,140.60000610351562,0.49609375
147,0.21450506150722504,1.4426270127296448,142.90625,0.27734375
148,0.34086549282073975,1.3230536580085754,140.4375,0.2578125
149,0.1490166336297989,1.3559571107228596,137.375,0.33203125
150,0.2824893295764923,1.400675320625305,119.0250015258789,0.23046875
151,0.2598128914833069,1.2611470619837444,146.8125,0.2578125
152,0.18612165749073029,1.321844259897868,128.1666717529297,0.15625
153,0.3419613540172577,1.342956304550171,151.75,0.359375
154,0.3797798454761505,1.2673767685890198,130.21249389648438,0.375
155,0.2927519381046295,1.4160524368286134,124.42500305175781,0.359375
156,0.12238118052482605,1.2708765268325806,159.5,0.06640625
157,0.3129016160964966,1.2541885375976562,109.0625,0.20703125
158,0.3080042004585266,1.2953438929149084,129.5892791748047,0.2890625
159,0.3615064322948456,1.361705356174045,131.5833282470703,0.33984375
160,0.2579909861087799,1.2455312212308247,134.625,0.2734375
161,0.14537228643894196,1.305472453435262,159.375,0.28125
162,0.24630612134933472,1.2179065942764282,99.125,0.2578125
163,0.22324015200138092,1.3773706754048665,102.04166412353516,0.16015625
164,0.3439924120903015,1.251047168459211,126.58928680419922,0.30078125
165,0.40329307317733765,1.2724705696105958,113.8499984741211,0.10546875
166,0.15297505259513855,1.506430943806966,120.875,0.35546875
167,0.3471986651420593,1.2877976724079676,122.73213958740234,0.27734375
168,0.3361736536026001,1.2280281484127045,111.4375,0.12109375
169,0.13172997534275055,1.3597760200500488,118.5,0.21484375
170,0.25733500719070435,1.2551790475845337,110.69999694824219,0.23828125
171,0.43979761004447937,1.3309027297156197,98.94642639160156,0.2734375
172,0.2236044853925705,1.2764470875263214,125.1875,0.14453125
173,0.2953033149242401,1.3504445155461628,118.54166412353516,0.2578125
174,0.09394735097885132,1.3242709636688232,133,0.11328125
175,0.3348950445652008,1.3287100281034196,106.10713958740234,0.609375
176,0.3082181215286255,1.2010646065076191,103.04166412353516,0.31640625
177,0.2186364382505417,1.3210549354553223,101.5,0.18359375
178,0.6354189515113831,1.2832535356283188,98.8125,0.33984375
179,0.299963116645813,1.351519158908299,101.28571319580078,0.34375
180,0.18416237831115723,1.19998300075531,99.9375,0.26171875
181,0.43316516280174255,1.2953157544136047,106.0625,0.3125
182,0.3838768005371094,1.228933835029602,118.44999694824219,0.23046875
183,0.7519788146018982,1.2953314516279433,79.13888549804688,0.28125
184,0.5322468280792236,1.2776253422101338,97.83333587646484,0.25390625
185,0.31043824553489685,1.3864372968673706,97.66666412353516,0.28515625
186,0.5759202837944031,1.2237890107291085,105.05357360839844,0.40625
187,0.42493051290512085,1.154907375574112,107.625,0.1796875
188,0.333589106798172,1.2207973854882377,117.85713958740234,0.2890625
189,0.4822441637516022,1.2818188965320587,67.21875,0.4375
190,0.27323928475379944,1.4534046649932861,60.375,0.09375
191,0.4373389780521393,1.227050006389618,98.03125,0.17578125
192,0.2776744067668915,1.184565007686615,98.59375,0.32421875
193,0.8455083966255188,1.2612107038497924,97.4000015258789,0.34375
194,0.14715515077114105,1.188254475593567,75.875,0.171875
195,0.5303565859794617,1.2097244024276734,80.67500305175781,0.21484375
196,0.5235380530357361,1.1295725584030152,120.4749984741211,0.484375
197,0.3725088834762573,1.2761862516403197,80.5999984741211,0.42578125
198,0.4452417492866516,1.2916476726531982,78.60416412353516,0.5
199,1.3039439916610718,1.2288220524787903,70.015625,0.21875
200,0.28388336300849915,1.2742149233818054,88.34375,0.3203125
201,0.5187708139419556,1.1637951135635376,67.09375,0.55859375
202,0.6683538556098938,1.2347955812107434,83.28408813476562,0.4296875
203,0.3688806891441345,1.3129072487354279,74.59375,0.20703125
204,0.37696659564971924,1.1932788888613384,83.6875,0.31640625
205,0.42970186471939087,1.1975327730178833,80.91071319580078,0.34765625
206,0.4987383186817169,1.225191068649292,64.8499984741211,0.3984375
207,0.4756171405315399,1.1637386977672577,75.765625,0.3125
208,0.6166040897369385,1.215812361240387,67.0374984741211,0.3203125
209,0.5544938445091248,1.250753402709961,66.53571319580078,0.41796875
210,0.49989476799964905,1.2516303539276123,67.19999694824219,0.1640625
211,0.3902062773704529,1.1792660355567932,90.78125,0.2578125
212,0.3921082317829132,1.1904860496520997,73.92500305175781,0.4140625
213,0.2859913408756256,1.1231650908788045,79.83333587646484,0.0703125
214,0.43861547112464905,1.207555958202907,71.64286041259766,0.421875
215,0.457683801651001,1.249041001001994,76.5,0.3828125
216,0.2673250138759613,1.089261531829834,69.1875,0.32421875
217,0.28727877140045166,1.1324838697910309,87.34375,0.19921875
218,0.31733596324920654,1.1580588420232136,73.5,0.29296875
219,0.5112951397895813,1.2038569109780448,64.875,0.2734375
220,0.6633164882659912,1.3196354763848441,58.14285659790039,0.42578125
221,0.5935896635055542,1.1237090826034546,66.90625,0.25
222,0.5740742087364197,1.1895186390195573,66.08928680419922,0.34765625
223,0.3695281744003296,1.2328107595443725,68.17500305175781,0.41796875
224,0.6192185282707214,1.1901444494724274,58.25,0.328125
225,0.3984265923500061,1.174855351448059,49.5625,0.50390625
226,0.3499211370944977,1.2297030985355377,48.59375,0.1875
227,0.5415138602256775,1.149985209107399,66.90625,0.40234375
228,0.3551623523235321,1.1906473239262898,58.5,0.48828125
229,0.3255196809768677,1.1038506541933333,61.875,0.33984375
230,0.7026515603065491,1.1751009566443307,46.16071319580078,0.34375
231,0.4356963634490967,1.2453347444534302,79.1875,0.26171875
232,0.5347133874893188,1.0963316559791565,63,0.13671875
233,0.5627620220184326,1.1673104763031006,55.328125,0.375
234,0.2897881269454956,1.266968309879303,73.0625,0.37890625
235,0.250217080116272,1.2067175507545471,89.625,0.44921875
236,1.821012020111084,1.1037741601467133,55.890625,0.37890625
237,0.44276976585388184,1.130254328250885,77.89583587646484,0.265625
238,0.29731014370918274,1.1806424856185913,68.625,0.23828125
239,0.9841561317443848,1.135157871246338,67.5999984741211,0.359375
240,0.7825883626937866,1.138771116733551,62.66666793823242,0.39453125
241,0.40770280361175537,1.0959332585334778,81.25,0.01953125
242,0.7727164626121521,1.0662051916122437,64.375,0.28515625
243,0.3684108555316925,1.0510961413383484,56.125,0.30859375
244,1.1245285272598267,1.1517989039421082,57.234375,0.33203125
245,0.34060725569725037,1.1087429523468018,75.5,0.29296875
246,0.797458827495575,1.1117180387179058,52.8125,0.37109375
247,0.43731480836868286,1.1405571699142456,45.5,0.4140625
248,1.0806524753570557,1.182784080505371,50.54166793823242,0.37890625
249,0.6329612135887146,1.1174465417861938,44.5,0.20703125
250,0.7633591294288635,1.2229255199432374,48.849998474121094,0.421875
251,0.5448788404464722,1.263719916343689,52.79166793823242,0.421875
252,0.8052920699119568,1.1417228937149049,59.20000076293945,0.41796875
253,0.5651353597640991,1.1108449697494507,56.70833206176758,0.34375
254,0.23813700675964355,1.1392194430033367,54.91666793823242,0.359375
255,0.3857662081718445,1.1355398098627727,77.58333587646484,0.28515625
256,0.6899000406265259,1.1361896594365437,51.95833206176758,0.3515625
257,0.33044323325157166,1.0585377216339111,56.25,0.42578125
258,1.192763090133667,1.1611446142196655,117.91666412353516,0.19921875
259,0.7593289017677307,1.108656120300293,51.57500076293945,0.33984375
260,0.4933755099773407,1.1683604419231415,76.78125,0.20703125
261,1.0667179822921753,1.1535209894180298,70.75,0.2265625
262,0.8755318522453308,1.098863458633423,95.42500305175781,0.23828125
263,0.8177852630615234,1.1221747199694316,52.625,0.27734375
264,0.580011785030365,1.0808159112930298,75.75,0.2421875
265,0.05181175842881203,1.084072470664978,64.875,0.17578125
266,0.37267765402793884,1.1980544328689575,63.875,0.2578125
267,0.46467965841293335,1.1378341913223267,95.75,0.19921875
268,0.6222620606422424,1.1766807436943054,58.6875,0.40625
269,0.4158416986465454,1.178905987739563,66.7249984741211,0.1875
270,1.528462290763855,1.133440335591634,58.75,0.1796875
271,0.3584004044532776,1.1153387228647869,68.125,0.35546875
272,0.5024389028549194,1.0815884470939636,100.6875,0.37109375
273,0.9897716045379639,1.1463761568069457,76.69999694824219,0.21484375
274,0.7358368635177612,1.2188464403152466,75.3125,0.19140625
275,0.4055631458759308,1.0865755081176758,70.96875,0.26171875
276,0.6025446057319641,1.1049482226371765,50.6875,0.32421875
277,0.7543867826461792,1.1115701794624329,63.625,0.18359375
278,0.8128992915153503,1.208806037902832,62.75,0.296875
279,0.38763177394866943,1.0773754119873047,95.5625,0.37890625
280,0.43643513321876526,1.1600703001022339,74.47916412353516,0.41796875
281,0.47768068313598633,1.0489164590835571,66.45833587646484,0.36328125
282,0.6441344618797302,1.1784207820892334,64.44444274902344,0.39453125
283,0.8745438456535339,1.1080142259597778,53.92856979370117,0.26953125
284,0.2643407881259918,1.0760505199432373,64.79166412353516,0.41796875
285,0.9272010922431946,1.1714078187942505,68.45833587646484,0.28515625
286,0.4965987503528595,1.114826261997223,68.375,0.25390625
287,0.42377761006355286,1.1146527330080669,55.5625,0.51171875
288,0.6588491797447205,1.1478265970945358,68.1875,0.5
289,1.2785234451293945,1.2496939897537231,62,0.234375
290,0.2986029088497162,1.3603326082229614,43.25,0.3515625
291,2.139101266860962,1.1976320028305054,48.125,0.28515625
292,0.5936915874481201,1.1594219207763672,49.125,0.3671875
293,0.39563488960266113,1.091291030248006,69,0.33203125
294,0.29107189178466797,1.1535262266794841,84.20833587646484,0.42578125
295,0.4230279326438904,1.1362224817276,57.099998474121094,0.42578125
296,2.344958782196045,1.1433968544006348,54.203125,0.3046875
297,0.4050685167312622,1.1321460008621216,95.42500305175781,0.23046875
298,0.6310175061225891,1.0797563791275024,41.625,0.203125
299,0.3966822028160095,1.1914374430974324,68.83333587646484,0.32421875
300,0.2508527934551239,1.3141512870788574,36.125,0.3046875
301,0.6392786502838135,1.1358221292495727,47.974998474121094,0.59765625
302,0.44027069211006165,1.1393765807151794,59.5,0.37890625
303,0.3284321129322052,1.1364289283752442,33.275001525878906,0.4453125
304,0.45501473546028137,1.0951253175735474,50.875,0.296875
305,0.39035335183143616,1.1120529969533284,65.20833587646484,0.15625
306,0.38119545578956604,1.1124381303787232,56.974998474121094,0.53125
307,0.36769384145736694,1.1277401844660442,50.5,0.17578125
308,0.28362178802490234,1.0971821149190266,71.54166412353516,0.41796875
309,0.34566813707351685,1.1394923686981202,35.025001525878906,0.484375
310,0.26279523968696594,1.1151630878448486,37.375,0.359375
311,0.5146675705909729,1.0651073932647706,55.70000076293945,0.4921875
312,0.2545334994792938,1.1557730674743651,48.32500076293945,0.4921875
313,2.412813425064087,1.080210518836975,42.650001525878906,0.5234375
314,0.11780741810798645,1.0608975887298584,54.375,0.28515625
315,0.5042604804039001,1.1008906761805217,92.29166412353516,0.54296875
316,0.5187282562255859,1.1681131839752197,61.900001525878906,0.4765625
317,0.17137503623962402,1.0919079780578613,45.75,0.08984375
318,0.11003018915653229,1.0995522737503052,42.875,0.23828125
319,0.24806132912635803,1.0480277140935261,93.45833587646484,0.49609375
320,0.6234531998634338,1.086925595998764,71.1875,0.578125
321,0.23113806545734406,1.0736572742462158,109.125,0.38671875
322,0.46815821528434753,1.1374144554138184,60.96875,0.375
323,21.834693908691406,1.153639486857823,41.28571319580078,0.49609375
324,0.27271369099617004,1.255111277103424,42.1875,0.390625
325,0.8127033114433289,1.0955431759357452,57.4375,0.33984375
326,0.13886527717113495,1.0795450806617737,118.6875,0.3359375
327,0.4311555027961731,1.0742249488830566,75.57499694824219,0.2109375
328,0.4691435396671295,1.1155343651771545,55.5625,0.24609375
329,0.8613276481628418,1.073246916135152,55.77083206176758,0.390625
330,0.12195951491594315,1.1975597143173218,37.125,0.37109375
331,0.35543274879455566,1.1466882228851318,51.75,0.3828125
332,0.34089866280555725,1.1308000802993774,80.2249984741211,0.29296875
333,0.3718462884426117,1.1276150147120159,56.08333206176758,0.359375
334,0.37007638812065125,1.0617835124333699,63.75,0.45703125
335,0.47900819778442383,1.0982972085475922,72.71875,0.390625
336,0.1843055635690689,1.1269375085830688,41.75,0.359375
337,0.6089659333229065,1.0801539619763691,41.66666793823242,0.45703125
338,0.17389526963233948,1.0344377756118774,69.90625,0.1875
339,0.7513975501060486,1.0843665997187297,68.375,0.2890625
340,0.9712419509887695,1.0651926795641582,51.75,0.44921875
341,0.08832945674657822,1.0510990619659424,52.75,0.23828125
342,0.751345157623291,1.1855533123016357,47.375,0.3515625
343,0.6348683834075928,1.0908785164356232,50.46875,0.40234375
344,0.23601573705673218,1.1076593399047852,123.375,0.19140625
345,0.6757284998893738,1.0678144693374634,47.375,0.28515625
346,0.48570969700813293,1.1520437796910603,33.375,0.43359375
347,0.19682952761650085,1.0532045364379883,96.25,0.48828125
348,0.4024714529514313,1.08646622300148,78.03125,0.49609375
349,1.5626509189605713,1.067119904926845,96.17857360839844,0.6640625
350,0.11268719285726547,1.1200419664382935,44.375,0.4296875
351,0.9467565417289734,1.0869030952453613,71.56944274902344,0.37109375
352,0.8070217967033386,1.085496261715889,41.125,0.5625
353,0.30984583497047424,1.0755294561386108,55.125,0.48828125
354,0.9407486319541931,1.094774603843689,57.375,0.40234375
355,0.3898051679134369,1.0666341543197633,47.224998474121094,0.41015625
356,0.5346956849098206,1.0895135005315144,41.875,0.21875
357,0.41067224740982056,1.137232780456543,110.625,0.53125
358,0.6141130924224854,1.2870336174964905,52.75,0.4453125
359,1.1977183818817139,1.1301252841949463,40.125,0.44140625
360,0.1860424280166626,1.0712748169898987,54.6875,0.3984375
361,0.4669025242328644,1.0708658695220947,76.16666412353516,0.359375
362,0.26412367820739746,1.0929791927337646,84.08333587646484,0.4921875
363,0.7351468801498413,1.1140656471252441,41.0625,0.1953125
364,0.7296642661094666,1.0804500579833984,59.79166793823242,0.421875
365,0.2604263126850128,1.0572749376296997,65.875,0.25390625
366,4.199070930480957,1.1220283806324005,51.5625,0.3125
367,1.4983067512512207,1.1317438781261444,63.15625,0.37890625
368,1.4626940488815308,1.1146812836329143,49.375,0.28125
369,0.6546450853347778,1.149392294883728,57.25,0.5546875
370,2.1904890537261963,1.2004041075706482,41.6875,0.45703125
371,0.6653802990913391,1.136755347251892,67.14583587646484,0.3828125
372,0.15369269251823425,1.115660826365153,44.95833206176758,0.4296875
373,0.20708447694778442,1.101948082447052,22.625,0.23828125
374,0.30191770195961,1.08576496442159,97.45833587646484,0.55078125
375,0.6214690804481506,1.1383874813715618,62.83333206176758,0.3671875
376,0.21984988451004028,1.0790180365244548,124.20833587646484,0.30078125
377,0.9612010717391968,1.1246694326400757,55.3125,0.5078125
378,0.7404889464378357,1.0981465180714924,63.45833206176758,0.63671875
379,0.20776645839214325,1.1010738015174866,63.5625,0.33203125
380,0.06965428590774536,1.1797313690185547,71.875,0.24609375
381,0.4914243221282959,1.1030654112497966,52.25,0.359375
382,0.46747875213623047,1.2054393887519836,41.625,0.14453125
383,0.5095982551574707,1.0930196642875671,60.3125,0.32421875
384,0.59480881690979,1.0922476450602214,46.79166793823242,0.2421875
385,0.15053971111774445,1.110516905784607,78.25,0.60546875
386,0.537269651889801,1.096918265024821,71.29166412353516,0.6015625
387,0.9381649494171143,1.0904669523239137,57.650001525878906,0.48046875
388,0.2900981605052948,1.1082895994186401,84.54166412353516,0.48828125
389,0.471134752035141,1.1085083782672882,50.5,0.5703125
390,0.2147417515516281,1.0301488637924194,85,0.140625
391,0.6168302297592163,1.0650040209293365,83.78125,0.4609375
392,0.28716200590133667,1.1116801500320435,58.04166793823242,0.30078125
393,0.24786968529224396,1.1102634072303772,68.1875,0.375
394,1.1919605731964111,1.0589514374732971,42.4375,0.39453125
395,0.6906592845916748,1.0391845852136612,60.6875,0.44140625
396,0.36451447010040283,1.0945541858673096,64.625,0.2265625
397,0.4112773537635803,1.149383306503296,64.6875,0.5
398,0.44569459557533264,1.1223864555358887,57.83928680419922,0.53515625
399,0.9239022731781006,1.0551596879959106,54.875,0.53515625
400,0.8392630219459534,1.0643328825632732,60.625,0.3671875
401,0.42771846055984497,1.070580244064331,117.6875,0.32421875
402,0.7284061312675476,1.0888680049351283,52.83928680419922,0.5234375
403,0.5416737198829651,1.0863866806030273,49.796875,0.515625
404,1.4130481481552124,1.0701555411020915,49.08333206176758,0.4609375
405,0.48616254329681396,1.0948189496994019,72.70833587646484,0.54296875
406,1.4738061428070068,1.1444620788097382,43.125,0.56640625
407,0.3406655788421631,1.0235081434249877,48.224998474121094,0.3984375
408,0.5414396524429321,1.1260241270065308,46.875,0.47265625
409,0.19690026342868805,1.039594570795695,55.08333206176758,0.2109375
410,0.6809163093566895,1.084680199623108,63.79166793823242,0.328125
411,0.35734087228775024,1.1571939587593079,56.4375,0.4609375
412,0.1571967750787735,1.1334762573242188,61.125,0.5
413,0.492147833108902,1.0764888525009155,64.5,0.30859375
414,0.5558086633682251,1.0937813222408295,73.625,0.46484375
415,0.4747832715511322,1.1608707507451375,49.29166793823242,0.6015625
416,0.21182706952095032,1.0901864171028137,56.6875,0.4375
417,1.2053074836730957,1.1177737712860107,62.375,0.390625
418,1.5815811157226562,1.0764972964922588,62.75,0.46484375
419,0.08951201289892197,1.1013261079788208,73.625,0.30859375
420,0.1772601306438446,1.1097884774208069,99.6875,0.33203125
421,0.10803811997175217,1.067043662071228,84.625,0.49609375
422,1.0812383890151978,1.093199074268341,46.25,0.32421875
423,0.42386552691459656,1.0802009503046672,77.25,0.3828125
424,0.5796999931335449,1.0480399131774902,52.54166793823242,0.59375
425,0.10933364927768707,1.1748900413513184,84.375,0.3671875
426,0.26939821243286133,1.059489091237386,46.70833206176758,0.42578125
427,0.8205429911613464,1.0546693563461305,42.349998474121094,0.34765625
428,0.2907995283603668,1.0726621548334758,75.04166412353516,0.4296875
429,0.4724542796611786,1.0743417739868164,78.625,0.3125
430,0.8614845871925354,1.124945084253947,51.5,0.6484375
431,0.30277547240257263,1.0467054843902588,47.54166793823242,0.41796875
432,0.6722767949104309,1.1361411015192668,70.25,0.28515625
433,0.03175003081560135,1.0070637464523315,44,0.43359375
434,0.6765297651290894,1.196372350056966,56.14583206176758,0.31640625
435,1.760414481163025,1.0577954053878784,49.775001525878906,0.54296875
436,0.4873114824295044,1.0477330088615417,32.4375,0.69921875
437,0.08250664919614792,1.1846610307693481,97,0.55859375
438,0.2994910180568695,1.062957763671875,61.3125,0.33203125
439,0.0774666965007782,1.1218211650848389,49.25,0.30859375
440,0.39010488986968994,1.1378576755523682,69.0625,0.45703125
441,1.106726050376892,1.1737849116325378,39.53125,0.26953125
442,0.6298162341117859,1.3387674689292908,51.25,0.5
443,0.13199737668037415,1.0900834798812866,67.25,0.3671875
444,1.9236544370651245,1.0763987064361573,40.900001525878906,0.34375
445,2.275873899459839,1.2119395732879639,24.875,0.4453125
446,0.4691077768802643,1.039825677871704,26.625,0.35546875
447,0.41391104459762573,1.124100963274638,54.5,0.484375
448,2.3650429248809814,1.0097413857777913,48.125,0.53125
449,0.6897744536399841,1.1152386963367462,45.46875,0.44921875
450,0.30674728751182556,1.064855694770813,58.41666793823242,0.36328125
451,0.27450326085090637,1.0420787930488586,54.625,0.37890625
452,0.26107141375541687,1.0412545800209045,22.1875,0.40234375
453,0.8182419538497925,1.1040260791778564,47.6875,0.5703125
454,0.30742812156677246,1.1079117854436238,89.41666412353516,0.546875
455,4.003965854644775,1.0329467058181763,53.5625,0.33984375
456,0.3969477713108063,1.0747752785682678,72.5,0.265625
457,0.4897221624851227,1.0636549592018127,58.1875,0.328125
458,0.6824356317520142,1.1538657188415526,56.92499923706055,0.3515625
459,0.14060141146183014,1.2225767970085144,66.375,0.203125
460,0.7125340104103088,1.0464008450508118,47.375,0.5078125
461,0.2311304360628128,1.1067190170288086,43.625,0.30078125
462,0.2119271606206894,1.2695385217666626,51.70833206176758,0.48828125
463,0.12169144302606583,1.0864554643630981,133.75,0.30078125
464,0.2673049867153168,1.0403279066085815,85.375,0.30859375
465,0.38431301712989807,1.056691567103068,51.79166793823242,0.546875
466,0.65863436460495,1.069988775253296,62.54999923706055,0.4140625
467,0.12466663867235184,1.10870361328125,43.75,0.41015625
468,0.43482157588005066,1.129335880279541,61.83333206176758,0.421875
469,0.7560295462608337,1.0496259927749634,39.5,0.3515625
470,0.6406130790710449,1.0955231487751007,64.328125,0.50390625
471,0.509765088558197,1.0512484312057495,49.5,0.4453125
472,0.13843123614788055,1.097710132598877,68.375,0.30859375
473,0.5003476738929749,1.0230809450149536,62.8125,0.25390625
474,0.3159398138523102,1.169102152188619,81.875,0.41015625
475,0.42878955602645874,1.137971431016922,50.375,0.25
476,0.38321906328201294,1.0797653794288635,49.1875,0.515625
477,0.45577675104141235,1.0336869657039642,59,0.38671875
478,0.42578232288360596,1.0566807985305786,82.94999694824219,0.45703125
479,0.3013820946216583,1.0546600818634033,46.5,0.30859375
480,0.5466880202293396,1.0459544999258858,47.28571319580078,0.49609375
481,1.0671603679656982,1.0468053817749023,31.3125,0.51171875
482,0.3941996395587921,1.0746222337086995,47,0.234375
483,0.4629891514778137,1.0413363320486886,52.76785659790039,0.40625
484,0.4993586242198944,1.0958263576030731,66.1875,0.62890625
485,0.29961317777633667,1.0498064756393433,65.95833587646484,0.4140625
486,1.8233485221862793,1.0369168519973755,28,0.46875
487,0.08198748528957367,1.0648236274719238,42.25,0.5546875
488,1.170488715171814,1.0652799606323242,30.8125,0.3984375
489,0.5365028977394104,1.0628827810287476,44,0.29296875
490,0.7618966102600098,1.1713323295116425,63.8125,0.375
491,1.1507861614227295,1.0960993899239435,52.69444274902344,0.7421875
492,0.5750051736831665,1.0958935873849052,34.58928680419922,0.59765625
493,0.7001798152923584,1.1394555966059368,86.375,0.28515625
494,0.3590180277824402,1.078797459602356,55.70833206176758,0.41796875
495,0.19691012799739838,1.0451643466949463,51.83333206176758,0.5546875
496,0.5833847522735596,1.1917064785957336,44.5625,0.4453125
497,1.377722144126892,1.0451565384864807,43.8125,0.515625
498,0.6163156628608704,1.059840242067973,38.20833206176758,0.2890625
499,1.0277479887008667,1.089977240562439,33.17499923706055,0.34375
500,1.0325433015823364,1.0682533979415894,58.75,0.625
501,0.5908170938491821,1.1470501899719239,70.625,0.41015625
502,0.5069952011108398,1.0869386792182922,50.9375,0.3125
503,0.2591254413127899,1.0659071803092957,51.125,0.31640625
504,0.7377651333808899,1.070885956287384,66.75,0.32421875
505,0.22207491099834442,1.1457163095474243,78.125,0.2421875
506,0.9964486956596375,1.1008675694465637,47.83333206176758,0.33203125
507,0.6918427348136902,1.0621405045191448,49.875,0.35546875
508,2.097506046295166,1.1268103122711182,60.8125,0.51953125
509,1.2954620122909546,1.0947182178497314,25.75,0.5546875
510,0.3234652280807495,1.1348130702972412,49,0.3359375
511,0.6524785757064819,1.029564102490743,40.625,0.359375
512,2.1014065742492676,1.0402315855026245,57.08333206176758,0.390625
513,0.5515003204345703,1.054300611669367,59.17045593261719,0.59375
514,0.6295474767684937,1.055826465288798,67.70833587646484,0.28125
515,0.7894197702407837,1.1458466947078705,44.65625,0.5078125
516,0.12517303228378296,1.0447418689727783,63.125,0.42578125
517,1.0039479732513428,1.141436767578125,59.599998474121094,0.23046875
518,0.45911502838134766,1.0742794672648113,58.33333206176758,0.46875
519,0.5530213713645935,1.0805116891860962,51.724998474121094,0.34375
520,1.2832194566726685,1.2104889750480652,43.75,0.203125
521,0.6330253481864929,1.0642596185207367,43.75,0.39453125
522,0.17487476766109467,1.112370252609253,64.875,0.25
523,0.16713076829910278,1.0565122365951538,41.29166793823242,0.62109375
524,0.3739396929740906,1.1184352040290833,51.75,0.44921875
525,0.5279932618141174,1.0924442112445831,57.875,0.51953125
526,0.38679760694503784,1.1753887335459392,45,0.24609375
527,0.48352354764938354,1.1080994208653767,55.79166793823242,0.28515625
528,0.2929895520210266,1.055831789970398,48.4375,0.51953125
529,0.479211688041687,1.094472348690033,47.5,0.3359375
530,0.6769599914550781,1.14992955327034,57.1875,0.390625
531,0.37603992223739624,1.0666831731796265,51.375,0.3203125
532,1.3275096416473389,1.10991770029068,39.375,0.3203125
533,0.8365930318832397,1.104982892672221,45.16666793823242,0.3515625
534,1.0073819160461426,1.16489839553833,49.5,0.35546875
535,0.20768459141254425,1.084873914718628,63.8125,0.3828125
536,0.12107652425765991,1.068175196647644,35,0.24609375
537,0.24787910282611847,1.0446862876415253,50.625,0.20703125
538,0.39131200313568115,1.0847092866897583,50.07500076293945,0.6640625
539,0.1656329333782196,1.0901689529418945,45.25,0.43359375
540,0.24863718450069427,1.1012157797813416,54.0625,0.38671875
541,1.1488139629364014,1.0502487182617188,78.8499984741211,0.53515625
542,0.7678419351577759,1.1009571552276611,43.3125,0.453125
543,1.1760005950927734,1.2069985389709472,50.57500076293945,0.62109375
544,0.2916535437107086,1.1005930105845134,43.29166793823242,0.421875
545,0.6258291602134705,1.100012183189392,38.875,0.41015625
546,0.40783971548080444,1.135960578918457,59,0.3515625
547,2.765040874481201,1.1040720045566559,69.75,0.33984375
548,1.1032757759094238,1.134204053878784,47.42499923706055,0.30078125
549,0.48458296060562134,1.1246134042739868,38.375,0.29296875
550,1.0835117101669312,1.0955982208251953,38.34375,0.50390625
551,0.2671992778778076,1.0723618268966675,55,0.3671875
552,0.6519303321838379,1.127559781074524,46.375,0.48828125
553,0.5945985317230225,1.1219460666179657,50.21875,0.40234375
554,1.2855861186981201,1.0899929602940877,33.45833206176758,0.38671875
555,0.43532150983810425,1.1433957815170288,39.91666793823242,0.45703125
556,0.8577926158905029,1.1614799896876018,48.54166793823242,0.23828125
557,0.3676206171512604,1.295499324798584,55.625,0.546875
558,0.23172785341739655,1.0972920656204224,47.125,0.24609375
559,0.40271565318107605,1.1278334259986877,36.875,0.375
560,0.653315007686615,1.0654109120368958,46.39583206176758,0.56640625
561,0.7511919140815735,1.0780330101648967,42.875,0.23828125
562,1.8673597574234009,1.1427966356277466,25.625,0.4140625
563,0.22486065328121185,1.1022429466247559,39.25,0.2265625
564,0.29868829250335693,1.0784385204315186,44.1875,0.50390625
565,0.6075069904327393,1.0726959109306335,39.6875,0.50390625
566,0.09014519304037094,1.0491138696670532,73.375,0.18359375
567,1.5308729410171509,1.1511739492416382,48.125,0.4609375
568,0.40645766258239746,1.09673969745636,47.42499923706055,0.6015625
569,0.18348747491836548,1.0582462549209595,46,0.55859375
570,1.029416799545288,1.2091134389241536,37.79166793823242,0.41015625
571,0.1685219705104828,1.0746299624443054,47.875,0.44140625
572,0.49430176615715027,1.0625733733177185,50,0.52734375
573,0.8929774761199951,1.0396366119384766,41.625,0.53125
574,1.6058681011199951,1.072776272892952,40.78125,0.5078125
575,0.9774218797683716,1.0528775850931804,58.64583206176758,0.69140625
576,0.6496517062187195,1.105281154314677,30.58333396911621,0.42578125
577,2.281996726989746,1.3166606823603313,31.375,0.2890625
578,0.3591499626636505,1.0510894457499187,45.33333206176758,0.52734375
579,0.7423025369644165,1.080552577972412,31.375,0.32421875
580,0.48130127787590027,1.0711444020271301,27.8125,0.44140625
581,0.8039639592170715,1.1991626024246216,41.75,0.48828125
582,0.5654003024101257,1.0968960523605347,41.5,0.4765625
583,0.5875291228294373,1.1180245677630107,45.9375,0.51171875
584,0.834719717502594,1.043790876865387,34.46875,0.453125
585,0.3706129193305969,1.0984853506088257,40.125,0.359375
586,0.17643839120864868,1.025063157081604,94.75,0.64453125
587,0.7290340662002563,1.0058854341506958,54.525001525878906,0.5390625
588,0.7302080392837524,1.0348355174064636,37,0.20703125
589,0.09880766272544861,1.0829707384109497,26.8125,0.31640625
590,0.9812383651733398,1.141914427280426,32,0.26953125
591,0.6179381608963013,1.0241413116455078,50.375,0.3203125
592,0.7176125049591064,1.1293374300003052,42.9375,0.4609375
593,0.29347193241119385,1.0564382076263428,94.25,0.3515625
594,1.1950572729110718,1.0054705142974854,37.96875,0.375
595,1.3623592853546143,1.0432900786399841,41.875,0.50390625
596,0.3032611906528473,1.1388331254323323,85.20833587646484,0.35546875
597,1.5640093088150024,1.0777751684188843,61,0.359375
598,1.4619358777999878,1.0424344142278035,47.875,0.37109375
599,0.44256874918937683,1.0414748191833496,54.75,0.18359375
600,0.4190883934497833,1.084781289100647,69.125,0.234375
601,1.0023199319839478,1.6441316604614258,28.125,0.41796875
602,0.25871574878692627,1.2047112584114075,65.875,0.3125
603,0.4854987859725952,1.1615519523620605,64.04166412353516,0.47265625
604,0.1780279129743576,1.1228504180908203,36.5625,0.4453125
605,0.6364409923553467,1.070164442062378,76.5,0.2265625
606,0.2935795783996582,1.1438987255096436,21.9375,0.375
607,0.7431320548057556,1.0852321684360504,39.25,0.65234375
608,0.16312330961227417,1.0787830352783203,48.25,0.49609375
609,1.0454636812210083,1.0557098627090453,43.04999923706055,0.48828125
610,0.5124039649963379,1.1156101465225219,45.07500076293945,0.47265625
611,0.1670355647802353,1.1116925477981567,63.75,0.3671875
612,0.5533581376075745,1.139627993106842,53.5,0.33984375
613,0.18893574178218842,1.1314359903335571,41.45833206176758,0.4921875
614,0.3050861656665802,1.0398279428482056,44.16666793823242,0.5546875
615,0.22131651639938354,1.1387798190116882,49.125,0.375
616,0.17145755887031555,1.1415801644325256,89.3125,0.50390625
617,0.08128528296947479,1.1650649309158325,52.75,0.55078125
618,0.2560620605945587,1.0875967741012573,49.33333206176758,0.546875
619,0.25201091170310974,1.0459408362706502,38.5,0.359375
620,0.19760507345199585,1.0810858607292175,40.0625,0.39453125
621,0.3674429953098297,1.1461118459701538,25.625,0.43359375
622,0.5871590375900269,1.0302063822746277,61.6875,0.33203125
623,0.3289061486721039,1.1076339483261108,54.625,0.3359375
624,1.1718708276748657,1.058946927388509,48.41666793823242,0.3046875
625,0.1617182493209839,1.0330044031143188,50.125,0.43359375
626,0.616713285446167,1.2505518198013306,47.125,0.5390625
627,0.16382279992103577,1.0533462762832642,39.625,0.43359375
628,0.4646984040737152,1.0722447156906127,60.07500076293945,0.34765625
629,0.36734241247177124,1.0827165444691975,71.08333587646484,0.421875
630,0.1719682514667511,1.0659042994181316,52.95833206176758,0.4921875
631,0.12025146931409836,1.0180986523628235,89.125,0.51953125
632,0.4853712022304535,1.1466958820819855,64.5,0.390625
633,0.898515522480011,1.0588460167249043,38.75,0.3828125
634,0.42553749680519104,1.0878602266311646,45.45833206176758,0.3046875
635,0.4660787880420685,1.0369534095128377,40.04166793823242,0.46875
636,0.3197309076786041,1.070603847503662,52.5625,0.45703125
637,0.7988192439079285,1.0154091268777847,61.546875,0.62109375
638,0.5735676288604736,1.0535830855369568,61.40625,0.50390625
639,0.22643254697322845,1.0966976881027222,36.25,0.4296875
640,1.2723852396011353,1.0987404187520344,28.20833396911621,0.41796875
641,0.3869785964488983,1.0685781240463257,47.91666793823242,0.41015625
642,0.09092884510755539,1.0041264295578003,25,0.43359375
643,0.4442826509475708,1.2127935290336609,31.0625,0.578125
644,0.39692217111587524,1.0986099004745484,36.875,0.34765625
645,1.5033217668533325,1.023642659187317,51.33333206176758,0.55078125
646,0.46648114919662476,1.0432242155075073,50.375,0.43359375
647,1.0909796953201294,1.3695642948150635,30.125,0.29296875
648,0.47484591603279114,1.1007283926010132,49.6875,0.40234375
649,0.5352672338485718,1.0158497989177704,39.03125,0.4375
650,0.19537000358104706,1.0747987031936646,50.58333206176758,0.62109375
651,0.7061285376548767,1.227797269821167,27.25,0.359375
652,0.13953842222690582,1.0181156396865845,27.75,0.49609375
653,0.2651090919971466,1.0749664306640625,28.625,0.3671875
654,0.3058876693248749,1.1302874684333801,38.8125,0.26171875
655,0.16985610127449036,1.063512921333313,25.5,0.49609375
656,0.5240858197212219,1.1231757402420044,49.125,0.4296875
657,1.411431074142456,1.0894041776657104,53.849998474121094,0.37109375
658,0.9227613210678101,1.0438331535884313,56.46428680419922,0.73828125
659,0.7207119464874268,1.0355786085128784,52.04166793823242,0.4296875
660,0.14479367434978485,1.0829715728759766,52.75,0.55859375
661,0.7276037335395813,1.106581062078476,45.8125,0.3984375
662,0.3406687080860138,1.1376019716262817,43.79166793823242,0.68359375
663,0.18693220615386963,1.0573161244392395,53.25,0.3125
664,0.07333886623382568,1.0093580484390259,82.875,0.55859375
665,0.7895053625106812,1.0547409355640411,42.53125,0.5703125
666,0.1597069352865219,1.0772902965545654,41,0.4921875
667,0.4376172423362732,1.2015721201896667,45.6875,0.45703125
668,0.22116874158382416,1.0490110516548157,44.6875,0.5859375
669,0.585206925868988,1.062026470899582,44.90625,0.50390625
670,0.5701912045478821,1.0115143060684204,34,0.41015625
671,0.4677181541919708,1.073535184065501,60.20833206176758,0.69921875
672,0.5148767232894897,1.0548287828763325,50.375,0.39453125
673,1.4673622846603394,1.141081730524699,48.5,0.4296875
674,0.5104420185089111,1.0867255528767903,86.5,0.53515625
675,1.848406195640564,1.006696343421936,22,0.49609375
676,0.5888329148292542,1.117540955543518,41.625,0.21875
677,0.7372452616691589,1.0708420872688293,58.125,0.3359375
678,0.22080905735492706,1.0535727739334106,51.125,0.36328125
679,0.11192958801984787,1.1284028887748718,32.5625,0.5625
680,0.4992923140525818,1.1090446412563324,34.71875,0.3984375
681,0.3847951889038086,1.017300546169281,72.125,0.6328125
682,5.841612815856934,1.0989315112431843,29.875,0.30078125
683,0.19425570964813232,1.0759931802749634,60.125,0.25
684,1.0994868278503418,1.0665655434131622,58.1875,0.44921875
685,0.4534931778907776,1.0890280803044636,42.41666793823242,0.30859375
686,0.9708558917045593,1.0386605560779572,46.875,0.44140625
687,0.4105265736579895,1.1322005987167358,40.75,0.53125
688,0.43817806243896484,1.0657357573509216,58.25,0.57421875
689,0.14008106291294098,1.0629421472549438,41.625,0.2421875
690,0.21754533052444458,1.0730165839195251,39.5625,0.40234375
691,0.3913955092430115,1.1251899003982544,33.875,0.34375
692,0.3853214979171753,1.1012101769447327,38.75,0.46484375
693,0.5161375403404236,1.074111819267273,37.83333206176758,0.34765625
694,0.5661587715148926,1.027572900056839,34.96875,0.578125
695,0.1253288984298706,1.017071048418681,59.91666793823242,0.546875
696,0.3863108456134796,1.1098252932230632,47.58333206176758,0.42578125
697,0.33477550745010376,1.061068058013916,44.25,0.53515625
698,0.23551952838897705,1.1024163961410522,33.5,0.3046875
699,0.5106619596481323,1.1051222085952759,43.95833206176758,0.34375
700,0.35447996854782104,1.305156946182251,45.125,0.5390625
701,0.5086817145347595,1.076390544573466,44.125,0.4609375
702,0.039304330945014954,1.0030279159545898,22,0.43359375
703,0.32492613792419434,1.0591883659362793,48.95000076293945,0.671875
704,0.13081680238246918,1.0549590587615967,52.625,0.43359375
705,0.46882134675979614,1.1331825256347656,37,0.578125
706,0.24246594309806824,1.03966490427653,40,0.37109375
707,0.7868829369544983,1.072052526473999,40.349998474121094,0.6015625
708,0.7146652936935425,1.1290193796157837,41.125,0.53125
709,0.5001670718193054,1.0130123297373455,59.83333206176758,0.3046875
710,0.43025460839271545,1.0482770204544067,35.20000076293945,0.53515625
711,0.24020959436893463,1.0541839599609375,53.5,0.484375
712,1.2349146604537964,1.0373138189315796,46.16666793823242,0.41796875
713,0.6983862519264221,1.1519323984781902,36.16666793823242,0.359375
714,1.8043700456619263,1.0720844003889296,37.66666793823242,0.6171875
715,0.7353215217590332,1.0503143866856892,54,0.41015625
716,0.2835785448551178,1.3578364849090576,40.25,0.46875
717,0.24470140039920807,1.2286527156829834,23.75,0.3046875
718,0.3966866731643677,1.161659836769104,38.375,0.4921875
719,0.12141060829162598,1.099633514881134,52.4375,0.44140625
720,0.24966078996658325,1.030319372812907,37.83333206176758,0.5390625
721,0.43137189745903015,1.038561761379242,50.25,0.5078125
722,0.09632209688425064,1.2030718326568604,55,0.49609375
723,0.4740738272666931,1.1926308870315552,23.75,0.484375
724,0.9675542116165161,1.124354322751363,41.41666793823242,0.2421875
725,1.8903361558914185,1.1454085508982341,34.20833206176758,0.48046875
726,0.23588407039642334,1.2245157957077026,46.125,0.48046875
727,1.285408616065979,1.082887202501297,61.625,0.4375
728,0.6624202132225037,1.0546135306358337,53.85416793823242,0.5
729,0.2380923330783844,1.0455559889475505,70.41666412353516,0.53515625
730,0.8551331758499146,1.0581141114234924,42.84375,0.52734375
731,0.3641127049922943,1.019579291343689,63,0.546875
732,0.9726147651672363,1.0149238109588623,47,0.4296875
733,0.25150346755981445,1.0909317135810852,79.4375,0.5234375
734,0.3444775342941284,1.0584483941396077,71.25,0.48828125
735,0.26972678303718567,1.0572139024734497,30.625,0.48828125
736,0.43838825821876526,1.02061527967453,55.6875,0.50390625
737,0.390854150056839,1.0484201113382976,60.54166793823242,0.73828125
738,0.7229514718055725,1.0459076166152954,42.5,0.71875
739,3.2772910594940186,1.1130653321743011,47,0.578125
740,0.7884511351585388,1.0482876896858215,65.8125,0.44921875
741,0.42755040526390076,1.0436949729919434,95.5,0.29296875
742,0.4171208143234253,1.1573879718780518,52,0.4921875
743,0.2856309413909912,1.1638970375061035,43.125,0.296875
744,0.6274844408035278,1.031420418194362,80.30357360839844,0.5546875
745,2.2616026401519775,1.015799641609192,50.650001525878906,0.41015625
746,1.1276875734329224,1.0704861879348755,36.75,0.44140625
747,0.9044681191444397,1.0187050501505535,53.79166793823242,0.41796875
748,0.13438962399959564,1.0147054195404053,87,0.42578125
749,0.44092345237731934,1.0117848813533783,49.1875,0.4453125
750,0.9129111170768738,1.0313349962234497,54.25,0.40625
751,1.1003373861312866,1.0500112175941467,45.14583206176758,0.515625
752,0.6092163920402527,1.0533384084701538,61.70833206176758,0.66796875
753,0.11112406849861145,1.0182535648345947,91.5625,0.4609375
754,0.2180882692337036,1.0161476135253906,56.375,0.64453125
755,0.11469388008117676,1.0292896628379822,45.1875,0.5
756,0.3132821321487427,1.0291165113449097,44.5,0.6796875
757,0.2596915364265442,1.0086097717285156,30,0.43359375
758,0.3352999687194824,1.0348918437957764,65.91666412353516,0.4140625
759,0.14519798755645752,1.0408012866973877,44.25,0.55859375
760,0.7463256120681763,1.0234088102976482,46.16666793823242,0.53125
761,0.5015662312507629,1.0754481852054596,57.46875,0.31640625
762,0.5778419971466064,1.0404521942138671,54.974998474121094,0.39453125
763,0.1513092815876007,1.163162350654602,32.375,0.5546875
764,0.2573084235191345,1.193580150604248,57.25,0.43359375
765,0.17764447629451752,1.03519868850708,40.375,0.31640625
766,0.2892213761806488,1.0435231924057007,49.375,0.36328125
767,1.5915260314941406,1.0228455066680908,54.33333206176758,0.5546875
768,0.37418562173843384,1.00399911403656,50.875,0.546875
769,1.4497661590576172,1.0910011529922485,34.1875,0.2578125
770,1.9407705068588257,1.0365049839019775,34,0.42578125
771,0.4965077340602875,1.0533644556999207,77.875,0.39453125
772,0.18179203569889069,1.0132360458374023,45.375,0.43359375
773,0.2521432340145111,1.0964466333389282,46.125,0.73046875
774,1.5663584470748901,1.0418802499771118,34.375,0.29296875
775,1.0720535516738892,1.0343676805496216,44.33333206176758,0.5234375
776,0.569412112236023,1.069677710533142,31.54166603088379,0.4765625
777,0.2968740463256836,1.045954982439677,68.125,0.60546875
778,0.08887623995542526,1.0088974237442017,44.75,0.49609375
779,0.3873879909515381,1.0626052856445312,51,0.41796875
780,1.3963353633880615,1.0380841493606567,45.95833206176758,0.4140625
781,0.6067410707473755,1.0948228359222412,55.025001525878906,0.4765625
782,0.4277343153953552,1.0293864011764526,42.53125,0.5859375
783,0.3166676163673401,1.0333199501037598,60.34375,0.5703125
784,0.09612571448087692,1.0825022459030151,31.5,0.4296875
785,0.2984168529510498,1.0617122650146484,42.875,0.546875
786,0.7119384407997131,1.0740323066711426,69.125,0.484375
787,0.4057043790817261,1.0255959033966064,52,0.484375
788,0.14047019183635712,1.0335555672645569,87.8125,0.5703125
789,0.11596754193305969,1.0865435600280762,49.5,0.3046875
790,0.21935538947582245,1.0646415948867798,31.5,0.30859375
791,1.1175252199172974,1.0318498849868774,82.94999694824219,0.34375
792,0.20790988206863403,1.1227613687515259,46.375,0.48046875
793,0.7828630805015564,1.0568503141403198,40.5,0.48828125
794,1.3619786500930786,1.1314451694488525,60.9375,0.4609375
795,0.6667742729187012,1.0746039152145386,48.875,0.3828125
796,0.182259202003479,1.0379342635472615,68.54166412353516,0.33984375
797,0.43902280926704407,1.0234611204692297,47.48214340209961,0.5390625
798,0.47813549637794495,1.0202966928482056,65.75,0.21875
799,0.9232137203216553,1.035888135433197,49.8125,0.64453125
800,0.13832072913646698,1.1913115978240967,35.25,0.5546875
801,0.6508299112319946,1.1668657064437866,91.875,0.48046875
802,0.4211246967315674,1.0407291253407795,40.5,0.35546875
803,0.4621019959449768,1.0703610181808472,49.41666793823242,0.484375
804,0.49156370759010315,1.0978798866271973,40.625,0.75390625
805,0.07282689958810806,1.0681300163269043,52.375,0.421875
806,0.32713407278060913,1.070304274559021,39.375,0.42578125
807,0.21770375967025757,1.0120516061782836,58.849998474121094,0.66796875
808,0.6004279851913452,1.0553668975830077,50.75,0.59375
809,0.8284805417060852,1.030200719833374,38.75,0.3515625
810,0.489785373210907,1.0951567888259888,42.375,0.37109375
811,0.26916149258613586,1.022769182920456,83.96875,0.5234375
812,0.1895287036895752,1.012195388476054,66.83333587646484,0.3515625
813,0.390497088432312,1.1545804738998413,60.75,0.41015625
814,0.13836759328842163,1.0413807034492493,57.25,0.5
815,3.310065269470215,1.0338223179181416,59.54166793823242,0.2734375
816,0.6213282346725464,1.1127968430519104,40.5,0.4453125
817,0.435851126909256,1.1377186179161072,42.8125,0.58984375
818,0.6199209094047546,1.044052243232727,51.5,0.41015625
819,0.4307907223701477,1.2385734915733337,41.25,0.58203125
820,1.431145429611206,1.0311243534088135,41.5,0.46484375
821,0.9155321717262268,1.0174053311347961,40.78125,0.70703125
822,0.3214600086212158,1.0651617050170898,67.875,0.72265625
823,0.21073584258556366,1.074220061302185,42.75,0.484375
824,0.3984896242618561,1.1181983947753906,50.8125,0.51171875
825,0.4339965581893921,1.0382148027420044,58.04166793823242,0.671875
826,0.3015286922454834,1.0816859006881714,64,0.62109375
827,0.29665833711624146,1.084447979927063,34.33333206176758,0.171875
828,0.5632572174072266,1.069514791170756,58.95833206176758,0.546875
829,3.0626885890960693,1.0978296995162964,67.08333587646484,0.5390625
830,0.5768619775772095,1.018802523612976,108.75,0.53515625
831,1.2553622722625732,1.0504742463429768,39.5,0.6640625
832,0.1632489711046219,1.0992950201034546,39.75,0.609375
833,1.0289582014083862,1.0469989776611328,74.66666412353516,0.421875
834,0.6975024342536926,1.1494860649108887,35,0.4375
835,0.6635336875915527,1.0364525079727174,49.42499923706055,0.34375
836,0.5747421383857727,1.0390451550483704,101.60416412353516,0.6953125
837,0.21234814822673798,1.0206575791041057,59.70833206176758,0.4921875
838,0.23413607478141785,1.1027263402938843,66.625,0.36328125
839,0.20334242284297943,1.1180768013000488,42.625,0.546875
840,0.41426318883895874,1.0558995008468628,63.09375,0.70703125
841,0.39331650733947754,1.03105628490448,57.375,0.40625
842,0.7988837361335754,1.0629621148109436,89.9375,0.5859375
843,0.19519376754760742,1.0085856914520264,57.625,0.4765625
844,0.7882890701293945,1.0387858748435974,51.4375,0.4609375
845,0.37913376092910767,1.0477652549743652,34.875,0.421875
846,0.5860924124717712,1.023658275604248,48.375,0.43359375
847,0.4833032190799713,1.0384610891342163,39.71875,0.50390625
848,0.48686933517456055,1.0674187342325847,62.04166793823242,0.46875
849,0.26729464530944824,1.0151337385177612,52.125,0.24609375
850,0.24070270359516144,1.181162714958191,55.125,0.42578125
851,1.1531134843826294,1.0218934218088787,27,0.37109375
852,1.0154863595962524,1.002786636352539,83.875,0.38671875
853,0.4832567274570465,1.031787395477295,31.5,0.48046875
854,0.13340087234973907,1.132601022720337,50,0.49609375
855,0.11407963931560516,1.023208737373352,52.5,0.4921875
856,0.16275079548358917,1.0313433408737183,29,0.55859375
857,0.7334191799163818,1.0795905888080597,34.3125,0.453125
858,1.5125304460525513,1.0307273864746094,33.25,0.28515625
859,0.300325870513916,1.0897680521011353,93.75,0.61328125
860,1.5443072319030762,1.0202263295650482,81.0625,0.375
861,0.9274660348892212,1.0638758738835652,40.125,0.40234375
862,0.9606897234916687,1.0278081893920898,60.75,0.54296875
863,1.2627767324447632,1.0625078976154327,50.5625,0.3984375
864,1.4555859565734863,1.0285673141479492,52.33333206176758,0.27734375
865,0.3649722635746002,1.0114133755366008,56.25,0.359375
866,0.065104641020298,1.055362582206726,51.25,0.62109375
867,0.04324842244386673,1.0026692152023315,90,0.37109375
868,2.1868367195129395,1.045781135559082,42.3125,0.5234375
869,0.21579043567180634,1.0801949103673298,51.20833206176758,0.53515625
870,0.32088491320610046,1.0169596672058105,62.5,0.484375
871,0.38767725229263306,1.0385560989379883,62.125,0.2265625
872,1.0263707637786865,1.0586620807647704,48.125,0.53515625
873,1.1642662286758423,1.0084986686706543,65.3125,0.83203125
874,0.36488375067710876,1.0806220769882202,59.95833206176758,0.59765625
875,0.7982664704322815,1.0909273326396942,46.78125,0.3359375
876,1.2842203378677368,1.0473132984978812,47.73214340209961,0.48046875
877,0.7947514653205872,1.038576563199361,74.0625,0.62890625
878,0.17645569145679474,1.0037745634714763,105.58333587646484,0.55078125
879,0.7413033246994019,1.0170867443084717,30.6875,0.578125
880,0.1808011680841446,1.0717060565948486,64.625,0.48828125
881,0.47462400794029236,1.0147114992141724,70.25,0.35546875
882,1.0592248439788818,1.063171148300171,52.25,0.47265625
883,0.05208504945039749,1.0037593841552734,58,0.49609375
884,2.5519139766693115,1.0214013712746757,31.071428298950195,0.41015625
885,0.7016003727912903,1.030085802078247,70.4375,0.26953125
886,0.1522047072649002,1.0459315776824951,56.875,0.50390625
887,0.39563414454460144,1.0379239320755005,59.6875,0.19140625
888,0.4485912322998047,1.0653738379478455,75.25,0.32421875
889,0.24158059060573578,1.0641090869903564,34.96875,0.578125
890,0.8224817514419556,1.1076903343200684,31.125,0.46875
891,0.6387641429901123,1.2342195510864258,45.375,0.4921875
892,0.8694956302642822,1.0572820901870728,66.54166412353516,0.48046875
893,0.5543888807296753,1.0468780994415283,46.625,0.44921875
894,0.6860907673835754,1.01213937997818,32.46875,0.45703125
895,0.49610796570777893,1.0722331404685974,31.625,0.40234375
896,0.14043624699115753,1.0158782005310059,76.6875,0.375
897,0.21805045008659363,1.0159777402877808,50.75,0.41796875
898,0.5007138252258301,1.0672061443328857,54.974998474121094,0.46875
899,0.3019593060016632,1.163960576057434,54.1875,0.27734375
900,0.7127218842506409,1.00363294283549,39,0.46875
901,0.41947752237319946,1.091577172279358,37.25,0.64453125
902,0.8224903345108032,1.0433459281921387,61.625,0.69140625
903,0.5737043023109436,1.071374773979187,48.875,0.26171875
904,0.8513635993003845,1.0952335000038147,42.5,0.32421875
905,0.40706637501716614,1.1164737939834595,40.25,0.6171875
906,0.21540674567222595,1.2066597938537598,46.25,0.5546875
907,1.1869776248931885,1.0516753792762756,48.6875,0.484375
908,0.29945966601371765,1.041384259859721,56,0.43359375
909,0.6965782046318054,1.1143148839473724,30.15625,0.51171875
910,1.367044448852539,1.0700687170028687,40.375,0.4921875
911,1.2124300003051758,1.029439667860667,40.54166793823242,0.6953125
912,0.5608408451080322,1.0338299870491028,50.21875,0.44140625
913,0.47420185804367065,1.0354875326156616,45.875,0.4921875
914,0.9102066159248352,1.1091323097546895,49.60416793823242,0.6328125
915,0.2850543260574341,1.0126252174377441,45.34375,0.58203125
916,0.32971587777137756,1.0255432724952698,63.4375,0.625
917,0.29076117277145386,1.0799615383148193,69.3125,0.37109375
918,0.3184419870376587,1.0171241362889607,50.20833206176758,0.42578125
919,0.40405935049057007,1.0301506519317627,51.3125,0.1875
920,0.21453352272510529,1.1202333370844524,57.70833206176758,0.3671875
921,0.5493031144142151,1.0347683429718018,51.17499923706055,0.37109375
922,0.4821194112300873,1.028490424156189,28.625,0.28125
923,1.0875316858291626,1.068358321984609,34.58333206176758,0.5234375
924,0.42130139470100403,1.049441655476888,42.04166793823242,0.5390625
925,0.34161484241485596,1.1128649711608887,79,0.4921875
926,0.7536765336990356,1.092846393585205,57.71875,0.45703125
927,0.5111094117164612,1.0580406188964844,48.40625,0.5
928,0.9366551041603088,1.057530363400777,56.66666793823242,0.6015625
929,0.17227821052074432,1.006870985031128,58.75,0.43359375
930,0.503182053565979,1.4617631435394287,36.875,0.55078125
931,0.8160165548324585,1.0471435189247131,93.25,0.59765625
932,0.2738504707813263,1.1308701038360596,33.125,0.43359375
933,0.4607456624507904,1.178205966949463,26.6875,0.69140625
934,0.498426228761673,1.038450973374503,69.33928680419922,0.7265625
935,0.661301851272583,1.0607953310012816,52.75,0.73046875
936,0.2614883780479431,1.0914416909217834,50.25,0.578125
937,1.0220097303390503,1.0261627833048503,43.95833206176758,0.47265625
938,0.2144833356142044,1.055894136428833,49.375,0.55859375
939,0.4343726933002472,1.0448382298151653,49.625,0.421875
940,0.6821456551551819,1.0138150453567505,61.625,0.3046875
941,0.267718106508255,1.1433337926864624,35.375,0.35546875
942,0.0845998153090477,1.068101167678833,50,0.37109375
943,1.4379311800003052,1.071625034014384,53.70833206176758,0.359375
944,0.4302922487258911,1.349225640296936,26.125,0.62109375
945,0.3159804046154022,1.0823977589607239,40.9375,0.515625
946,2.9448633193969727,1.0434213876724243,37.46875,0.515625
947,0.9775252938270569,1.1466278632481892,44.79166793823242,0.421875
948,0.39515945315361023,1.0776052872339885,30.70833396911621,0.60546875
949,0.35453400015830994,1.0053445100784302,63.625,0.40625
950,0.9817049503326416,1.0337251424789429,49.54999923706055,0.47265625
951,0.3796999454498291,1.120383620262146,49.4375,0.63671875
952,0.5165892243385315,1.0184177954991658,62.91666793823242,0.61328125
953,0.2625509202480316,1.1044872999191284,64.875,0.4140625
954,0.08664198219776154,1.016251802444458,53,0.43359375
955,0.04047415032982826,1.0459095239639282,50,0.55859375
956,0.4243274927139282,1.0813654363155365,52.8125,0.5703125
957,0.41677236557006836,1.0501952469348907,81.34375,0.5
958,5.700978755950928,1.0316139459609985,49,0.5859375
959,0.45060300827026367,1.0707210898399353,46.125,0.453125
960,0.7233315706253052,1.0325617790222168,40.5,0.41796875
961,1.094233751296997,1.0392229557037354,2295.074951171875,0.47265625
962,0.19189806282520294,1.0391546487808228,46.75,0.55859375
963,0.2493772804737091,1.0177909135818481,45,0.234375
964,0.4519326388835907,1.0302645762761433,48.83333206176758,0.54296875
965,0.3384861648082733,1.1727714538574219,27.125,0.49609375
966,0.7956083416938782,1.1143602927525837,30.54166603088379,0.55859375
967,4.294398307800293,1.045074204603831,71.60416412353516,0.62890625
968,0.7646463513374329,1.018319582939148,55.67499923706055,0.28515625
969,0.4504065215587616,1.2142210006713867,25,0.29296875
970,1.6494852304458618,1.0583112955093383,56.375,0.3515625
971,0.4425244927406311,1.0431790351867676,73.8125,0.578125
972,1.0543521642684937,1.0469136635462444,55,0.40625
973,0.09019029140472412,1.0144177675247192,49.875,0.43359375
974,0.3505153954029083,1.0715984106063843,22.25,0.62109375
975,0.2682080864906311,1.0256500244140625,55.375,0.36328125
976,0.8475400805473328,1.0376113057136536,57.8125,0.25390625
977,0.2875399887561798,1.0170770088831584,45.91666793823242,0.67578125
978,0.26117146015167236,1.0420644283294678,60.41666793823242,0.6796875
979,0.2414768934249878,1.132738709449768,43.5,0.48046875
980,1.332825779914856,1.0946125984191895,43.66071319580078,0.73046875
981,0.19690798223018646,1.02626633644104,51.79166793823242,0.41015625
982,0.9377074241638184,1.042285402615865,63.5,0.47265625
983,0.49260568618774414,1.16154948870341,35.20833206176758,0.3671875
984,0.8477447032928467,1.2210224866867065,32.5625,0.51953125
985,0.5719972848892212,1.0649418234825134,58.5,0.1328125
986,1.0326930284500122,1.0250057776769002,45.125,0.53515625
987,1.007340431213379,1.0394952893257141,30.6875,0.3203125
988,1.4849908351898193,1.0737340450286865,37,0.42578125
989,0.22728128731250763,1.0303740501403809,51.5,0.4765625
990,0.574080228805542,1.0553185939788818,60.4375,0.52734375
991,0.7463970184326172,1.0396617650985718,41.70833206176758,0.421875
992,0.3666950762271881,1.1114469170570374,100.375,0.390625
993,0.5691262483596802,1.027325689792633,34.9375,0.2578125
994,0.9357839226722717,1.0950974623362224,40.70833206176758,0.41015625
995,0.8436132073402405,1.039299726486206,73.4375,0.6484375
996,0.13708873093128204,1.1074941158294678,53.125,0.43359375
997,1.6013271808624268,1.0169313351313274,27.70833396911621,0.609375
998,1.3233485221862793,1.0132465362548828,32.8125,0.5078125
999,0.23791685700416565,1.141059160232544,53,0.5546875
1000,0.10199874639511108,1.005975365638733,46.625,0.3671875
1001,0.6251493096351624,1.1275124152501423,54.20833206176758,0.6015625
1002,0.8031009435653687,1.0637990534305573,71.90625,0.50390625
1003,1.3663663864135742,1.110832154750824,40.125,0.3203125
1004,0.2995103597640991,1.0577254891395569,83.25,0.3203125
1005,2.2363946437835693,1.0754995346069336,39.625,0.24609375
1006,0.42345061898231506,1.0458508729934692,39.6875,0.328125
1007,0.32211068272590637,1.0710382461547852,32.375,0.25390625
1008,0.6617441773414612,1.0378421247005463,49.28125,0.453125
1009,1.1783612966537476,1.0959698132106237,40.28571319580078,0.60546875
1010,0.8551562428474426,1.4036471843719482,32.375,0.109375
1011,0.8174914121627808,1.045645534992218,49.40625,0.40234375
1012,0.8743062019348145,1.0866918563842773,55.95833206176758,0.4140625
1013,0.49723923206329346,1.0449071168899535,70.42500305175781,0.6015625
1014,0.6728441715240479,1.0435902774333954,34.28125,0.4375
1015,0.6403151154518127,1.0927443504333496,48,0.22265625
1016,0.17756237089633942,1.0051263570785522,29.875,0.41796875
1017,0.5699942708015442,1.0984262228012085,36.16666793823242,0.5390625
1018,1.3133478164672852,1.0454452832539876,51.20833206176758,0.47265625
1019,0.8325082659721375,1.0397751331329346,47.875,0.56640625
1020,4.743096351623535,1.0653226375579834,44.58333206176758,0.41796875
1021,2.519562244415283,1.071323076883952,29.54166603088379,0.66796875
1022,0.31991884112358093,1.0809902548789978,74.5,0.6875
1023,0.74574214220047,1.1285528540611267,37.4375,0.5859375
1024,0.43140342831611633,1.0464251041412354,76.5,0.359375
1025,0.31607604026794434,1.0141571760177612,55.525001525878906,0.6640625
1026,0.8895455002784729,1.0479310240064348,53.35714340209961,0.41015625
1027,0.0901295468211174,1.0391316413879395,77.125,0.3046875
1028,0.38417476415634155,1.1605278849601746,52.8125,0.46484375
1029,0.0791955515742302,1.0748659372329712,62.75,0.73828125
1030,0.3636564612388611,1.0202604293823243,27.575000762939453,0.59765625
1031,1.4960455894470215,1.020201047261556,34.83333206176758,0.29296875
1032,0.2951144576072693,1.0784472823143005,55.4375,0.51953125
1033,0.06234005466103554,1.0061051845550537,19,0.421875
1034,0.6456064581871033,1.0706562995910645,43.75,0.28515625
1035,0.3562834560871124,1.023130476474762,78.75,0.31640625
1036,0.6253413558006287,1.008370190858841,43.40625,0.52734375
1037,0.2999100983142853,1.0727280378341675,64.25,0.4296875
1038,0.5146747827529907,1.0339692831039429,45.71875,0.3828125
1039,0.45984143018722534,1.0471808910369873,87.625,0.53125
1040,0.6740742325782776,1.0134401718775432,55.33333206176758,0.36328125
1041,0.24586139619350433,1.0485255718231201,118.75,0.53125
1042,0.4214678108692169,1.055149495601654,41.25,0.58203125
1043,0.6788679957389832,1.0455393195152283,74.9375,0.390625
1044,0.6035081744194031,1.0968539714813232,52.1875,0.5625
1045,0.24788734316825867,1.2848165035247803,29,0.43359375
1046,0.5722012519836426,1.1469439268112183,47.5,0.40625
1047,0.9757469892501831,1.0516498684883118,45.875,0.3984375
1048,0.507747232913971,1.1091713110605876,39.125,0.49609375
1049,1.480209469795227,1.083945353825887,53.375,0.34765625
1050,0.9101569056510925,1.084358274936676,59.8125,0.58203125
1051,1.2954710721969604,1.0899821917215984,35.45833206176758,0.34375
1052,0.2876856029033661,1.0295391082763672,129.625,0.609375
1053,2.975647449493408,1.1290583610534668,54.83333206176758,0.49609375
1054,0.7227384448051453,1.076309820016225,76.9375,0.57421875
1055,1.5953513383865356,1.06267911195755,64.0625,0.50390625
1056,0.7152419686317444,1.0336019694805145,54.75,0.52734375
1057,0.7039209604263306,1.0445293585459392,39.33333206176758,0.41796875
1058,3.4613399505615234,1.1389147639274597,27,0.51953125
1059,0.15361569821834564,1.0277624130249023,104.75,0.71875
1060,0.32104262709617615,1.0454203128814696,60.625,0.4921875
1061,0.7416692972183228,1.1671143770217896,64.625,0.2734375
1062,0.7197322249412537,1.0366238355636597,40.95833206176758,0.72265625
1063,1.3197561502456665,1.03649240732193,51.9375,0.5078125
1064,1.0697232484817505,1.045311164855957,58.525001525878906,0.53515625
1065,0.5474809408187866,1.0813264846801758,34.5,0.33984375
1066,0.7669216990470886,1.0412255764007567,27.5,0.734375
1067,0.2144748568534851,1.1000347534815471,54.70833206176758,0.6796875
1068,0.6386604905128479,1.0708153247833252,60.5,0.58984375
1069,0.4934464693069458,1.0526137749354045,36.83333206176758,0.29296875
1070,0.696775496006012,1.0275682210922241,28.3125,0.63671875
1071,0.26403146982192993,1.031145691871643,40,0.62109375
1072,0.852168083190918,1.031696766614914,42.65625,0.62890625
1073,0.4024021029472351,1.1134676933288574,66.0625,0.5234375
1074,1.075178623199463,1.0423327684402466,50.3125,0.37890625
1075,0.7756844162940979,1.0431316792964935,46.125,0.4375
1076,0.7958081364631653,1.0254510641098022,44.349998474121094,0.4765625
1077,0.276610791683197,1.0264055132865906,41.3125,0.37109375
1078,0.15880568325519562,1.1016827821731567,71,0.43359375
1079,0.2898715138435364,1.1554315090179443,60.625,0.484375
1080,0.3574233055114746,1.1022868156433105,51.75,0.36328125
1081,0.922502338886261,1.0558701157569885,47.78125,0.5078125
1082,0.5560621023178101,1.0916775465011597,39.5,0.3515625
1083,0.34746262431144714,1.015270431836446,32,0.484375
1084,1.2422854900360107,1.0503607511520385,82.4000015258789,0.421875
1085,1.1714694499969482,1.1372828781604767,38.4375,0.3125
1086,0.904902458190918,1.1522676348686218,35.625,0.49609375
1087,0.6600037813186646,1.1146044731140137,50.5,0.3828125
1088,0.2084788829088211,1.0119980573654175,101.375,0.46484375
1089,0.2524226903915405,1.0560752153396606,66.75,0.546875
1090,0.4833761155605316,1.0677515268325806,32,0.36328125
1091,0.36972367763519287,1.097105622291565,29,0.24609375
1092,0.5431454181671143,1.0200488567352295,37.5,0.59375
1093,0.2710039019584656,1.0344273447990417,26,0.4453125
1094,0.3687422275543213,1.0404315789540608,46.875,0.484375
1095,0.9172165393829346,1.2013527154922485,50.75,0.2890625
1096,0.2258538454771042,1.016296625137329,37.75,0.4296875
1097,0.4976179301738739,1.0268044869105022,49,0.50390625
1098,0.6204715371131897,1.0218774477640789,71.79166412353516,0.6796875
1099,0.1610342562198639,1.0439428687095642,42.125,0.359375
1100,0.28998851776123047,1.0238406260808308,72.66666412353516,0.66015625
1101,0.6080928444862366,1.0290299654006958,59,0.3828125
1102,3.6688976287841797,1.0271636247634888,42,0.6015625
1103,1.1469436883926392,1.0204391479492188,52.875,0.48046875
1104,0.663439154624939,1.0620126724243164,28.25,0.34375
1105,0.3581758439540863,1.0556774139404297,43,0.359375
1106,1.0727473497390747,1.0285864472389221,73.625,0.3125
1107,0.10982360690832138,1.0247504711151123,45.5625,0.30859375
1108,0.5527374744415283,1.1184518337249756,45.875,0.1953125
1109,1.6710824966430664,1.0450311303138733,61,0.5703125
1110,0.37397125363349915,1.052006443341573,90.125,0.54296875
1111,0.6385214328765869,1.0210413138071697,61.20833206176758,0.34765625
1112,0.5948364734649658,1.0532304644584656,36.5,0.5625
1113,1.0839383602142334,1.0506158471107483,57,0.71484375
1114,0.40027540922164917,1.0213980674743652,38.5625,0.4453125
1115,1.3572918176651,1.0811985731124878,30.75,0.48046875
1116,1.2194714546203613,1.0175784826278687,53.5,0.5625
1117,0.5548492670059204,1.129941701889038,44,0.4140625
1118,0.34041497111320496,1.0532983541488647,49.66666793823242,0.65234375
1119,0.48875853419303894,1.0304399728775024,54.5,0.49609375
1120,1.0042994022369385,1.0238874554634094,44.1875,0.51171875
1121,0.279556542634964,1.1403322219848633,42.875,0.49609375
1122,0.598528265953064,1.106101155281067,26.83333396911621,0.5390625
1123,0.4096091389656067,1.1116579174995422,43.375,0.52734375
1124,0.27362769842147827,1.0778863430023193,57.8125,0.64453125
1125,1.2117875814437866,1.0482141971588135,84.625,0.52734375
1126,2.491554021835327,1.0922176241874695,33.375,0.57421875
1127,0.6530219912528992,1.1099807024002075,40.125,0.30859375
1128,0.2791346311569214,1.0990924835205078,36.75,0.30078125
1129,0.2904052734375,1.0489686727523804,41.625,0.59765625
1130,0.35801127552986145,1.050022006034851,67,0.51953125
1131,1.0083931684494019,1.0726452469825745,37.125,0.38671875
1132,0.5656192302703857,1.0259431600570679,29.25,0.6796875
1133,0.4823382496833801,1.035777986049652,44.8125,0.42578125
1134,0.8586578965187073,1.07419753074646,56.625,0.46875
1135,1.3826884031295776,1.065201759338379,43.75,0.36328125
1136,0.7664464712142944,1.0708320140838623,61,0.36328125
1137,2.564082622528076,1.0527286529541016,32.5,0.46484375
1138,0.5060099363327026,1.0677410364151,41.75,0.55859375
1139,0.9357753396034241,1.0566051006317139,40.4375,0.58984375
1140,0.19117821753025055,1.1607781648635864,29.5,0.4296875
1141,0.27377042174339294,1.026790976524353,23.375,0.3359375
1142,0.2607731819152832,1.0801225900650024,118.375,0.421875
1143,0.5624876022338867,1.065482258796692,40.375,0.51171875
1144,0.8935949802398682,1.0067425966262817,30,0.42578125
1145,0.5131003260612488,1.0867231369018555,34.45000076293945,0.48828125
1146,1.9051872491836548,1.0656052231788635,34.9375,0.4453125
1147,0.2729620039463043,1.018036166826884,35.91666793823242,0.6171875
1148,0.7594742178916931,1.1541309356689453,35.375,0.28125
1149,0.6361067295074463,1.184580385684967,40.6875,0.625
1150,0.6825520992279053,1.0435298383235931,41,0.7109375
1151,4.176920413970947,1.031527042388916,27,0.61328125
1152,1.2365206480026245,1.060148787498474,30.225000381469727,0.53125
1153,0.5248590111732483,1.160615086555481,36.875,0.60546875
1154,0.5102362632751465,1.056167483329773,47.125,0.41796875
1155,0.10878418385982513,1.0065010786056519,28,0.68359375
1156,0.6403341293334961,1.0441363453865051,70,0.5078125
1157,0.7873243689537048,1.0164242088794708,43.125,0.39453125
1158,0.11788225173950195,1.004499912261963,48.25,0.5625
1159,0.7807632684707642,1.1014161109924316,27.875,0.56640625
1160,0.9621961712837219,1.1145083109537761,30.95833396911621,0.65625
1161,1.4696258306503296,1.0382073322931926,62.33333206176758,0.3203125
1162,1.0608346462249756,1.0330543220043182,45,0.2578125
1163,0.5467681288719177,1.0168726444244385,31.75,0.41796875
1164,0.16344879567623138,1.0427347421646118,39.5,0.51953125
1165,0.2480756938457489,1.1860077381134033,54.375,0.6171875
1166,2.784428596496582,1.0436722040176392,55,0.3671875
1167,0.3478820025920868,1.0237890481948853,44.75,0.66796875
1168,0.2701340615749359,1.0069828033447266,55,0.37109375
1169,0.6765679717063904,1.0301580429077148,30.75,0.40234375
1170,1.6461176872253418,1.3869159817695618,42.1875,0.33984375
1171,1.0862690210342407,1.0752099752426147,88.25,0.59765625
1172,1.0783848762512207,1.0277669032414753,31.5,0.41015625
1173,1.0341815948486328,1.1051852703094482,64,0.34375
1174,0.6925706267356873,1.0260187983512878,84.875,0.5859375
1175,0.8457175493240356,1.0319048166275024,36,0.62109375
1176,2.5110280513763428,1.0218266248703003,29,0.6640625
1177,0.028172167018055916,1.0009526014328003,67,0.49609375
1178,0.9957453012466431,1.0263791382312775,54.03125,0.39453125
1179,0.12070437520742416,1.1552003622055054,48.375,0.43359375
1180,0.6316196322441101,1.0414772033691406,75.6875,0.5
1181,2.0310277938842773,1.0285356044769287,33.5,0.59375
1182,0.13878901302814484,1.0136975049972534,37.375,0.4296875
1183,0.7941953539848328,1.029187560081482,28,0.46875
1184,0.7634429931640625,1.044510006904602,64.25,0.34375
1185,1.8990684747695923,1.070948302745819,57.875,0.63671875
1186,0.17160175740718842,1.0285363793373108,40.5,0.81640625
1187,0.3890741765499115,1.0208229621251423,36.83333206176758,0.36328125
1188,0.876008152961731,1.1111921469370525,23.91666603088379,0.5390625
1189,0.9547684192657471,1.030106782913208,59.125,0.62890625
1190,0.986970067024231,1.050441837310791,53.5,0.35546875
1191,0.5654448866844177,1.0092461903889973,26.125,0.4140625
1192,0.4507395029067993,1.0141680836677551,93.25,0.5625
1193,0.5662238001823425,1.0229088068008423,42.5,0.73046875
1194,0.505253791809082,1.0669972499211628,48.16666793823242,0.6171875
1195,0.5160017609596252,1.03353484471639,42.75,0.6640625
1196,0.5903260111808777,1.0308303236961365,51.875,0.6328125
1197,0.7977567911148071,1.0483208000659943,42.5,0.57421875
1198,0.5549995303153992,1.049534797668457,36.08333206176758,0.4765625
1199,3.007150650024414,1.0210041999816895,40.102272033691406,0.59765625
1200,0.308074414730072,1.0272721946239471,54.46875,0.51953125
1201,0.7663832306861877,1.0638856887817383,29.875,0.671875
1202,0.47569024562835693,1.0549374024073284,52.91666793823242,0.37109375
1203,0.5497275590896606,1.0555672645568848,36.625,0.58984375
1204,0.3382379710674286,1.0628594756126404,74.3125,0.6953125
1205,0.3123323619365692,1.0073477029800415,25,0.46484375
1206,0.2503504455089569,1.0390639305114746,24,0.37109375
1207,0.7580642104148865,1.0408769845962524,48.5,0.64453125
1208,0.1362457126379013,1.0724294185638428,28.75,0.31640625
1209,0.7957535982131958,1.0308991500309534,70.19642639160156,0.74609375
1210,0.19943022727966309,1.0338076949119568,87.6875,0.4375
1211,0.29533401131629944,1.010215401649475,28.25,0.66796875
1212,1.9134141206741333,1.0530093510945637,52.91666793823242,0.29296875
1213,0.40479421615600586,1.0313690900802612,38.25,0.41796875
1214,0.12787599861621857,1.0249427556991577,95.75,0.35546875
1215,1.7905782461166382,1.083495855331421,30.8125,0.46484375
1216,0.41460537910461426,1.0251933336257935,39.29166793823242,0.35546875
1217,1.1219701766967773,1.0564225912094116,28.75,0.53515625
1218,1.8885890245437622,1.0490461885929108,38.046875,0.56640625
1219,0.5330114960670471,1.0835093259811401,39.20833206176758,0.53515625
1220,3.0685572624206543,1.0344280004501343,34.1875,0.44140625
1221,0.3524516522884369,1.0477446913719177,71.75,0.453125
1222,0.49343812465667725,1.0247255563735962,85.5,0.35546875
1223,0.48494499921798706,1.0626781940460206,45.275001525878906,0.55859375
1224,0.4476785957813263,1.0067137479782104,64,0.49609375
1225,0.31126341223716736,1.030907392501831,56.4375,0.5703125
1226,0.20636743307113647,1.0484826962153118,58.79166793823242,0.3671875
1227,0.8670557737350464,1.0357718467712402,82.5625,0.3828125
1228,1.041159987449646,1.0560670495033264,47.5,0.44921875
1229,1.3269119262695312,1.0223058462142944,32.1875,0.51953125
1230,0.9866600036621094,1.0775046586990356,53.82500076293945,0.55078125
1231,0.7448549866676331,1.0312475204467773,35.650001525878906,0.47265625
1232,0.3267463445663452,1.0422687133153279,78.875,0.36328125
1233,0.06371329724788666,1.013828158378601,90.875,0.49609375
1234,0.3312315046787262,1.0548616647720337,37.625,0.296875
1235,0.30561894178390503,1.0574576258659363,63.625,0.56640625
1236,0.3254936635494232,1.023646593093872,99.125,0.42578125
1237,0.20396198332309723,1.0560184717178345,26,0.4921875
1238,0.5563689470291138,1.0474058985710144,59.9375,0.7734375
1239,0.4445090591907501,1.0543422102928162,44.0625,0.51171875
1240,0.045832645148038864,1.0018439292907715,118,0.46875
1241,0.46949201822280884,1.044094443321228,34.125,0.6171875
1242,0.10786188393831253,1.045936942100525,62.25,0.30078125
1243,0.9447571635246277,1.0126457214355469,65,0.53515625
1244,0.37607941031455994,1.0836305618286133,40,0.43359375
1245,0.8347843885421753,1.0254523754119873,27,0.359375
1246,0.4966716170310974,1.015631079673767,51.1875,0.37109375
1247,0.35744789242744446,1.1296714544296265,24.6875,0.453125
1248,0.5251372456550598,1.0310757160186768,39.25,0.51953125
1249,0.3931243419647217,1.0944122076034546,45.875,0.33984375
1250,0.5015740394592285,1.0359582901000977,34.75,0.47265625
1251,0.28325924277305603,1.0072200298309326,52,0.609375
1252,0.203451469540596,1.07558012008667,42,0.52734375
1253,0.6912522315979004,1.006702184677124,50.04166793823242,0.61328125
1254,0.4823363125324249,1.0396478176116943,36.625,0.3984375
1255,0.48129022121429443,1.0149292548497517,97.58333587646484,0.4765625
1256,0.2887362539768219,1.0798491835594177,34.625,0.5
1257,0.7036798000335693,1.0011718273162842,32.0625,0.51171875
1258,0.9280844330787659,1.019437273343404,26.95833396911621,0.41796875
1259,0.5860962271690369,1.0762615203857422,35.125,0.53515625
1260,0.7400044798851013,1.054907500743866,42.9375,0.38671875
1261,0.5288552641868591,1.021639108657837,60.75,0.41796875
1262,0.48363086581230164,1.0255958636601765,40.5,0.4296875
1263,0.8349847793579102,1.0367167393366497,73.125,0.55078125
1264,0.7507717609405518,1.005887508392334,29,0.42578125
1265,0.903977632522583,1.0375693440437317,48.1875,0.375
1266,0.20032578706741333,1.0541706085205078,36.75,0.5
1267,0.8824657201766968,1.1307013034820557,54.625,0.5390625
1268,0.47039180994033813,1.01263161500295,32.95833206176758,0.4921875
1269,0.6146115660667419,1.0188325643539429,42.625,0.80078125
1270,0.058824751526117325,1.0270432233810425,70.5,0.3671875
1271,2.581063985824585,1.0742637316385906,34.79166793823242,0.546875
1272,0.6481776833534241,1.03460689385732,37.20833206176758,0.48046875
1273,0.6208024621009827,1.0547174215316772,30.25,0.69921875
1274,0.3184286952018738,1.1088316440582275,80.625,0.53515625
1275,0.5509516596794128,1.021389126777649,51.8125,0.5703125
1276,0.19397124648094177,1.0581839084625244,44.20833206176758,0.4921875
1277,0.03930923715233803,1.0019959211349487,71,0.68359375
1278,0.7289426922798157,1.085142970085144,59.3125,0.56640625
1279,0.6865198612213135,1.028748333454132,63.46875,0.375
1280,0.18047365546226501,1.1138057708740234,57,0.30078125
1281,0.7600828409194946,1.023152232170105,46.125,0.3125
1282,0.3649100065231323,1.009351372718811,30.3125,0.5
1283,0.17342238128185272,1.1555417776107788,44.125,0.4765625
1284,0.48085665702819824,1.0181849002838135,63,0.546875
1285,1.110731840133667,1.053541660308838,60.75,0.34375
1286,0.18199200928211212,1.0127395391464233,55.5625,0.375
1287,0.42411351203918457,1.0360664129257202,55.54166793823242,0.30078125
1288,0.091391421854496,1.0130561590194702,168.625,0.43359375
1289,0.18759790062904358,1.1036880016326904,56.3125,0.50390625
1290,0.30115097761154175,1.079463243484497,35.625,0.43359375
1291,0.5020641684532166,1.0452710688114166,34.96875,0.5234375
1292,0.6051564812660217,1.015178918838501,24,0.796875
1293,1.7420388460159302,1.0366171300411224,41.4375,0.4609375
1294,0.8632822036743164,1.1219424605369568,27,0.39453125
1295,0.04014143720269203,1.0032432079315186,28,0.4921875
1296,0.15184266865253448,1.0576951503753662,32.875,0.49609375
1297,1.5553334951400757,1.0221755504608154,45.42499923706055,0.6796875
1298,0.7091608047485352,1.0309706330299377,35,0.62890625
1299,1.6473015546798706,1.0946506261825562,29,0.40625
1300,0.47556641697883606,1.0712436437606812,42.75,0.484375
1301,0.817243754863739,1.0767776370048523,58,0.57421875
1302,0.805325984954834,1.0438109040260315,35,0.37890625
1303,0.3273395895957947,1.0748457511266072,37.58333206176758,0.4921875
1304,1.833344578742981,1.0515321691830952,58.89583206176758,0.58203125
1305,0.7436749339103699,1.0657778978347778,56.8125,0.58203125
1306,0.3505299985408783,1.0048679113388062,51.625,0.68359375
1307,1.530138373374939,1.0445354382197063,51.58333206176758,0.29296875
1308,0.3753810226917267,1.1331886053085327,60.375,0.4921875
1309,0.5914114117622375,1.0244446992874146,29,0.4765625
1310,0.3773917853832245,1.0255358219146729,93.875,0.41796875
1311,1.0380765199661255,1.056949496269226,32.20833206176758,0.48046875
1312,0.9397603273391724,1.0159892638524373,32,0.46875
1313,0.9753527641296387,1.0593555867671967,43.03125,0.640625
1314,0.6224674582481384,1.0291234254837036,36,0.59765625
1315,0.715247392654419,1.1069474458694457,40.45000076293945,0.7421875
1316,1.2803008556365967,1.0512275695800781,57,0.5703125
1317,0.16474595665931702,1.036885142326355,35.5,0.62109375
1318,0.6184130311012268,1.0151296854019165,38,0.27734375
1319,0.6358329057693481,1.0336452722549438,39.5,0.48828125
1320,0.5068227648735046,1.023520827293396,37,0.60546875
1321,0.12446320801973343,1.0487595796585083,36.25,0.68359375
1322,0.7601150274276733,1.0237076997756958,53.025001525878906,0.48828125
1323,0.46410876512527466,1.050183117389679,63.3125,0.6484375
1324,0.5808694958686829,1.0457726120948792,33.8125,0.6953125
1325,0.6246950030326843,1.0617835181100028,63.875,0.46875
1326,1.43990957736969,1.070749282836914,42.625,0.51953125
1327,0.132565438747406,1.0278102159500122,52.25,0.24609375
1328,0.5164557099342346,1.0550049543380737,55.91666793823242,0.62109375
1329,0.9757072329521179,1.0025652647018433,71,0.63671875
1330,1.3229564428329468,1.0350377261638641,36.125,0.37890625
1331,0.718224048614502,1.05921471118927,51.375,0.609375
1332,0.2159176915884018,1.0075375239054363,57.41666793823242,0.734375
1333,0.5087221264839172,1.0623928308486938,51,0.43359375
1334,0.3583472669124603,1.0344761212666829,35.83333206176758,0.62109375
1335,0.535584568977356,1.0189698934555054,44.875,0.14453125
1336,1.4931960105895996,1.0116806030273438,43,0.44140625
1337,0.3961702287197113,1.0163921316464741,60.97916793823242,0.5
1338,1.136212706565857,1.0233749151229858,29,0.359375
1339,0.2683181166648865,1.0127873420715332,140.5,0.59375
1340,0.31090879440307617,1.0349035263061523,47.8125,0.5078125
1341,0.1941213458776474,1.087397575378418,45,0.4921875
1342,0.27204400300979614,1.1085662841796875,36,0.34375
1343,0.3975413143634796,1.0404548645019531,36.75,0.5390625
1344,0.7652056813240051,1.1701329946517944,41.125,0.609375
1345,0.5517359972000122,1.0401549736658733,86.08333587646484,0.36328125
1346,0.42203274369239807,1.040500521659851,41.75,0.484375
1347,2.6678249835968018,1.0677334070205688,22,0.66015625
1348,0.7816901803016663,1.03825877393995,44.28571319580078,0.53125
1349,0.15027014911174774,1.0324476957321167,29.04166603088379,0.4296875
1350,0.49638232588768005,1.0229265689849854,36,0.54296875
1351,0.6138504147529602,1.006581981976827,100.45833587646484,0.21875
1352,0.23695464432239532,1.0796642899513245,65.25,0.56640625
1353,1.314733862876892,1.084366242090861,57.04166793823242,0.78125
1354,0.62017822265625,1.0099928379058838,31,0.73046875
1355,1.0768425464630127,1.0241652329762776,48.625,0.53125
1356,0.2746034264564514,1.1785234212875366,70.375,0.48046875
1357,0.5528867244720459,1.066090077161789,55.75,0.390625
1358,0.2921396791934967,1.031383792559306,73.125,0.55078125
1359,0.27863550186157227,1.016966978708903,97.5,0.49609375
1360,0.15548419952392578,1.0036892890930176,48.625,0.62109375
1361,0.2360147088766098,1.0275918245315552,104.625,0.75390625
1362,0.3679981231689453,1.0557650327682495,64.375,0.4140625
1363,1.1986414194107056,1.0466930866241455,51.75,0.35546875
1364,5.377852439880371,1.054120421409607,36.57143020629883,0.66015625
1365,2.5912632942199707,1.0236332813898723,48.58333206176758,0.4296875
1366,0.25953108072280884,1.080787181854248,47.75,0.3671875
1367,0.3540465533733368,1.0296172499656677,34.25,0.51171875
1368,0.07329817861318588,1.3161723613739014,32.625,0.62109375
1369,1.1645474433898926,1.0248297055562336,45.45833206176758,0.39453125
1370,1.2446383237838745,1.0238051891326905,63.400001525878906,0.54296875
1371,3.082555055618286,1.0238239765167236,34.625,0.71484375
1372,0.3351501524448395,1.046911895275116,36.8125,0.31640625
1373,0.40036410093307495,1.1252448856830597,29.96875,0.62109375
1374,2.476268768310547,1.0361220836639404,42.375,0.44140625
1375,0.32080188393592834,1.0245898962020874,38.125,0.4921875
1376,0.3413456380367279,1.064552664756775,42.375,0.66015625
1377,0.03732042759656906,1.00424325466156,140.625,0.4921875
1378,0.32379335165023804,1.02010178565979,27.75,0.42578125
1379,0.9472558498382568,1.0133808255195618,45.375,0.640625
1380,0.10244440287351608,1.0030826330184937,34,0.64453125
1381,0.9671364426612854,1.0415936410427094,37.34375,0.63671875
1382,0.08633823692798615,1.0272594690322876,78.625,0.4296875
1383,0.5691932439804077,1.0359538793563843,86,0.48828125
1384,0.4236390292644501,1.0420705477396648,56.79166793823242,0.66796875
1385,0.09704069048166275,1.007384181022644,42.625,0.55859375
1386,0.5851033329963684,1.0364099343617756,733.75,0.53125
1387,0.3788049817085266,1.0291961034138997,64.375,0.6796875
1388,0.5917015075683594,1.0374531745910645,65.90625,0.5703125
1389,0.07205809652805328,1.001887559890747,27,0.6796875
1390,0.8128200173377991,1.1426607370376587,55.625,0.59765625
1391,1.1629332304000854,1.0124095678329468,48,0.55078125
1392,0.3511468470096588,1.0160902738571167,30,0.55859375
1393,0.2879126965999603,1.0238064527511597,43.20833206176758,0.62109375
1394,0.7035712003707886,1.002751390139262,27.79166603088379,0.61328125
1395,1.2998480796813965,1.1171327829360962,58.625,0.62109375
1396,0.25391286611557007,1.0009667873382568,45,0.6171875
1397,0.334088534116745,1.0048973560333252,101,0.41796875
1398,0.13277219235897064,1.0383015871047974,69.625,0.62109375
1399,6.267745018005371,1.0135231018066406,57.5625,0.5859375
1400,0.34806057810783386,1.1288245916366577,42.625,0.36328125
1401,0.6571016311645508,1.0610133806864421,81.54166412353516,0.59375
1402,0.11642974615097046,1.0144786834716797,33,0.35546875
1403,0.159404456615448,1.0707718133926392,53.25,0.2421875
1404,0.3868451416492462,1.01686429977417,23,0.30078125
1405,0.41561105847358704,1.068415105342865,68.4375,0.58203125
1406,0.14162622392177582,1.0380240678787231,54.75,0.41796875
1407,0.17201198637485504,1.019015908241272,118.375,0.3671875
1408,0.43797704577445984,1.0139713764190674,42.400001525878906,0.4765625
1409,0.7327497005462646,1.046279509862264,66.10416412353516,0.38671875
1410,0.20140781998634338,1.043186068534851,71.75,0.55859375
1411,0.21365463733673096,1.03835129737854,60.75,0.48828125
1412,0.39702919125556946,1.0301382144292195,79.79166412353516,0.67578125
1413,0.29487377405166626,1.0426339705785115,68.54166412353516,0.54296875
1414,0.6489387154579163,1.0440664688746135,28.41666603088379,0.71875
1415,0.12570004165172577,1.0069752931594849,31.75,0.3046875
1416,1.6679184436798096,1.0230125188827515,67.67500305175781,0.39453125
1417,2.185059070587158,1.0626909971237182,27.600000381469727,0.4765625
1418,0.3241250216960907,1.0173769394556682,53.83333206176758,0.734375
1419,1.6525318622589111,1.0511549711227417,69.66666412353516,0.52734375
1420,0.02146613411605358,1.000866174697876,41,0.62109375
1421,0.4954044818878174,1.053928554058075,31.9375,0.5234375
1422,1.072172999382019,1.0227336883544922,89.75,0.52734375
1423,0.2883111238479614,1.0346036752065022,71.41666412353516,0.5546875
1424,0.8801184296607971,1.1616253852844238,33.875,0.40625
1425,0.19572241604328156,1.0730829238891602,93.25,0.54296875
1426,0.10957876592874527,1.0218753814697266,82.375,0.48828125
1427,0.5366110801696777,1.1102055311203003,50.875,0.53125
1428,0.10496076196432114,1.0260995626449585,32.25,0.37109375
1429,0.5278490781784058,1.0174632867177327,42.70833206176758,0.67578125
1430,1.7490934133529663,1.0222904284795125,1081.4583740234375,0.55859375
1431,0.2740742266178131,1.0778121948242188,129,0.4765625
1432,0.6989197134971619,1.0399821996688843,51.5,0.375
1433,1.8297078609466553,1.1181767582893372,38,0.4375
1434,0.24702033400535583,1.0159167846043904,73.625,0.54296875
1435,4.426770210266113,1.017196774482727,41.875,0.38671875
1436,0.29737308621406555,1.0506234169006348,87.375,0.390625
1437,0.2914232313632965,1.0489397644996643,54,0.578125
1438,0.3471563160419464,1.043497363726298,80.58333587646484,0.73046875
1439,0.4883787930011749,1.1206533908843994,46.25,0.48046875
1440,0.5262249112129211,1.048836350440979,53.375,0.6640625
1441,0.38774776458740234,1.0253053903579712,44.1875,0.515625
1442,1.292068362236023,1.031785700056288,40.27777862548828,0.44921875
1443,0.19141559302806854,1.0566089153289795,42.5625,0.3828125
1444,0.2771192491054535,1.0827306509017944,31.95833396911621,0.55078125
1445,0.17451885342597961,1.0137258768081665,37.25,0.421875
1446,0.6901172399520874,1.032451331615448,45.09375,0.4609375
1447,0.43057993054389954,1.0248122811317444,36.875,0.4453125
1448,0.3651101887226105,1.3740203380584717,33.125,0.61328125
1449,0.31747594475746155,1.041554053624471,372.5416564941406,0.42578125
1450,1.1812560558319092,1.0631224314371746,41.79166793823242,0.60546875
1451,0.5421745181083679,1.010057270526886,576.8125,0.45703125
1452,2.9433834552764893,1.0290265083312988,15,0.5703125
1453,0.3103918731212616,1.0104490518569946,63.125,0.29296875
1454,0.09116096794605255,1.0274065732955933,76.625,0.3046875
1455,0.9503110647201538,1.0317130088806152,62.25,0.54296875
1456,0.2615993916988373,1.065863847732544,30.875,0.421875
1457,0.4341196119785309,1.0096951723098755,28.125,0.26953125
1458,0.9778569936752319,1.019816557566325,35.54166793823242,0.46484375
1459,1.7713878154754639,1.0319633881251018,53.16666793823242,0.46875
1460,1.0900977849960327,1.0165653228759766,60.599998474121094,0.4921875
1461,0.7667578458786011,1.0694669961929322,45.82500076293945,0.37109375
1462,0.9909051656723022,1.0503921985626221,39.32500076293945,0.359375
1463,0.8289161920547485,1.098476767539978,38.03125,0.49609375
1464,0.724402904510498,1.0117183923721313,48.125,0.44921875
1465,1.0195623636245728,1.0327975749969482,59.375,0.41796875
1466,0.3327814042568207,1.012114405632019,48.5,0.37109375
1467,0.5232878923416138,1.038793404897054,57.41666793823242,0.45703125
1468,1.605364441871643,1.0135959386825562,42.70833206176758,0.4765625
1469,0.16340085864067078,1.0085673332214355,88.25,0.5546875
1470,1.0735663175582886,1.0344432195027669,77.02083587646484,0.453125
1471,0.3270605504512787,1.0533133745193481,90.25,0.62109375
1472,1.6458302736282349,1.00382661819458,27.29166603088379,0.6796875
1473,0.8601434826850891,1.0563530921936035,35.625,0.5
1474,0.17394140362739563,1.1106470823287964,84.5,0.421875
1475,0.3669047951698303,1.1483184099197388,74.125,0.27734375
1476,1.2253395318984985,1.0904678702354431,40.5,0.56640625
1477,0.08817683160305023,1.039282202720642,64.375,0.4296875
1478,0.24017509818077087,1.0506949424743652,55.125,0.34765625
1479,0.25000694394111633,1.0884525775909424,42.125,0.5546875
1480,0.3649231791496277,1.0091973145802815,33.5,0.53125
1481,0.7670238018035889,1.023862898349762,51.5,0.390625
1482,0.3330734372138977,1.014534632364909,59.25,0.484375
1483,0.40313783288002014,1.110484004020691,43,0.3515625
1484,0.19317865371704102,1.0306114554405212,88.125,0.63671875
1485,0.6935011744499207,1.0486252784729004,42.29999923706055,0.421875
1486,0.47058603167533875,1.0455726146698,37.42499923706055,0.5390625
1487,0.13751913607120514,1.0384371280670166,51.125,0.3671875
1488,0.4036174714565277,1.1174075603485107,58.25,0.296875
1489,0.6564719676971436,1.0445184707641602,76.25,0.609375
1490,0.6959771513938904,1.0159757534662883,28.20833396911621,0.4140625
1491,1.435604453086853,1.0099082787831624,73.375,0.41015625
1492,0.9360806345939636,1.0081648031870525,95.625,0.40625
1493,0.06888322532176971,1.0571925640106201,50.625,0.68359375
1494,0.7063572406768799,1.0479055047035217,55.5,0.5078125
1495,0.8466036319732666,1.0091990232467651,42.21875,0.6875
1496,0.25955721735954285,1.05231511592865,66.75,0.421875
1497,0.34795182943344116,1.0199846625328064,68.25,0.38671875
1498,0.7396311163902283,1.0076846361160279,59.54999923706055,0.609375
1499,0.29537367820739746,1.0172781546910603,67.41666412353516,0.53515625
1500,4.313246250152588,1.0285148620605469,27,0.41796875
1501,0.1099182590842247,1.014203667640686,98.25,0.53125
1502,0.5683000683784485,1.0544698238372803,50.375,0.63671875
1503,0.30371516942977905,1.0265926520029705,37.75,0.37890625
1504,0.34551993012428284,1.0698124170303345,29.25,0.55078125
