_step,val/16-codeio-forward-incomplete-depth2/entropy/avg
0,0.024359814822673798
25,0.01836307905614376
50,0.011301903054118156
75,0.01081300713121891
100,0.007174903526902199
125,0.007604065351188183
150,0.005310199223458767
175,0.003597942180931568
200,0.0021306457929313183
225,0.0016515585593879223
250,0.0009559355676174164
275,0.0017851225566118956
300,0.0014123583678156137
325,0.0008530282648280263
350,0.0006384550360962749
375,0.0004971362068317831
400,0.0007091686129570007
425,0.0005913226050324738
450,0.0006284019909799099
475,0.0006105041829869151
500,0.001048841280862689
525,0.0005685822106897831
550,0.000513324630446732
575,0.0005488835740834475
600,0.0005182535387575626
625,0.0004688467597588897
650,0.0004944659885950387
675,0.0006080148159526289
700,0.0006314326310530305
725,0.0005492314230650663
750,0.0005621088785119355
775,0.0005778769846074283
800,0.0006485590129159391
825,0.000672612339258194
850,0.0005905575235374272
875,0.000506984768435359
900,0.0005469814059324563
925,0.0005851570167578757
950,0.0007880714838393033
975,0.0004940811195410788
1000,0.0006462957244366407
1025,0.0005583310266956687
1050,0.0007241685525514185
1075,0.0006046048365533352
1100,0.0006240960792638361
1125,0.0005134525708854198
1150,0.0004305093898437917
1175,0.0004729536594823003
1200,0.0004791351966559887
1225,0.0005639709997922182
1250,0.0005169508513063192
1275,0.0004957477212883532
1300,0.0004838888708036393
1325,0.0004905922105535865
1350,0.00034505018265917897
1375,0.0005508348695002496
1400,0.0007004209328442812
1425,0.0006288567092269659
1450,0.0003642254159785807
1475,0.00048288842663168907
1500,0.0005023312987759709
