_step,actor/grad_norm,actor/perplexity
1,27.60619354248047,2.1107497215270996
2,22.584400177001953,1.3905143737792969
3,18.912277221679688,1.9644217491149902
4,11.159144401550293,1.517192780971527
5,37.204193115234375,2.0859696567058563
6,9.5176362991333,2.643032670021057
7,28.011014938354492,2.1019511222839355
8,6.7226972579956055,1.5139474868774414
9,27.357582092285156,1.8901944160461426
10,11.313971519470215,2.231366813182831
11,17.41213035583496,1.5726724565029144
12,13.378633499145508,1.842879593372345
13,38.258575439453125,1.7338984459638596
14,10.832592964172363,1.62358558177948
15,28.539691925048828,3.304877072572708
16,26.728904724121094,2.0184266269207
17,19.402873992919922,2.1725637912750244
18,6.973143577575684,1.719445139169693
19,23.152917861938477,1.7534010410308838
20,17.932636260986328,1.8990101516246796
21,21.415752410888672,1.600703239440918
22,17.044052124023438,2.2917076647281647
23,15.627171516418457,1.4502118825912476
24,22.073396682739258,1.2911524772644043
25,23.459583282470703,1.951727718114853
26,13.289649963378906,2.1111259758472443
27,31.335073471069336,4.316323697566986
28,14.179872512817383,2.3605760633945465
29,14.275545120239258,1.4252893030643463
30,18.618131637573242,1.759867399930954
31,15.114441871643066,2.1736392974853516
32,25.017480850219727,1.7978979349136353
33,11.280316352844238,1.2932237088680267
34,11.262130737304688,1.8018436431884766
35,28.705663681030273,2.188141018152237
36,17.175737380981445,1.8791069388389587
37,30.105375289916992,1.4172305464744568
38,16.33504295349121,1.538134902715683
39,20.623615264892578,1.869864046573639
40,20.892169952392578,1.9789982736110687
41,15.261730194091797,1.583790361881256
42,15.630627632141113,1.617711752653122
43,29.406978607177734,2.3066498041152954
44,8.452595710754395,1.8527166843414307
45,27.80755043029785,2.36766517162323
46,28.53584861755371,1.9967716336250305
47,25.877954483032227,1.4408970475196838
48,9.60615348815918,1.8358545005321503
49,20.83348274230957,2.147266983985901
50,20.82599639892578,1.912669450044632
51,21.714420318603516,1.561105340719223
52,21.0660343170166,1.8910164833068848
53,34.78890609741211,2.790121391415596
54,27.404680252075195,1.646139770746231
55,9.087684631347656,1.461642473936081
56,18.87307357788086,1.738589882850647
57,26.064496994018555,1.471235603094101
58,25.701013565063477,1.5612967312335968
59,35.945186614990234,3.7377304136753082
60,34.46062088012695,1.712135523557663
61,34.71343231201172,1.4608842581510544
62,12.400612831115723,1.671016812324524
63,35.67635726928711,2.1103929579257965
64,39.33359909057617,2.2160325050354004
65,28.000905990600586,2.4452128410339355
66,21.228546142578125,1.2369093298912048
67,38.02685546875,2.2620999217033386
68,15.596634864807129,1.827855497598648
69,26.98552894592285,1.4977937042713165
70,15.772322654724121,2.6594108939170837
71,18.551950454711914,1.6112407743930817
72,42.82564163208008,3.136753797531128
73,9.40682601928711,1.741403341293335
74,19.620386123657227,1.8694153428077698
75,25.682085037231445,3.868620365858078
76,15.043068885803223,1.499604731798172
77,38.941993713378906,2.342300444841385
78,7.277821063995361,2.241987943649292
79,26.619564056396484,1.3463339507579803
80,39.80088806152344,1.5815418362617493
81,22.084495544433594,2.916825771331787
82,27.40104866027832,10.221565216779709
83,32.35907745361328,2.395288348197937
84,17.538846969604492,2.305990755558014
85,58.679683685302734,2.7318968176841736
86,57.18613052368164,2.090812861919403
87,25.63131332397461,2.652248740196228
88,14.105051040649414,1.5472976863384247
89,59.05091094970703,2.97866952419281
90,41.789390563964844,2.0866962373256683
91,74.81134033203125,2.9112805128097534
92,27.704620361328125,3.050748884677887
93,24.212520599365234,3.0231353640556335
94,18.97147560119629,2.3426737189292908
95,67.35075378417969,2.5935094356536865
96,78.33849334716797,8.65640676021576
97,101.34231567382812,2.2558272927999496
98,100.45899200439453,3.65413361787796
99,59.48189163208008,3.2444241642951965
100,19.751745223999023,2.003547191619873
101,129.80177307128906,3.3497224748134613
102,48.55913543701172,2.159560739994049
103,25.221586227416992,1.7228347063064575
104,169.24192810058594,4.218527138233185
105,178.2589569091797,4.023758232593536
106,37.66665267944336,2.1603532135486603
107,42.105674743652344,2.448605328798294
108,286.0049743652344,2.553996369242668
109,83.41323852539062,16.32623326778412
110,112.06818389892578,7.151116490364075
111,324.1514587402344,8.61721020936966
112,516.6817016601562,4.851779729127884
113,676.796142578125,7.083186745643616
114,21.82075309753418,1.6736474335193634
115,21.222143173217773,1.6668647229671478
116,3174.666015625,28.810595273971558
117,78.80317687988281,2.126018702983856
118,49.1362190246582,2.997460812330246
119,64.18099212646484,2.443792313337326
120,1429.0316162109375,26440.607566833496
121,6493.7548828125,142749354.19384766
122,2333.89453125,123027957313.27734
123,1206.9556884765625,44414103191470.0
124,239.12879943847656,2.474686324596405
125,4093.80908203125,94591351984.0
126,2310.979248046875,2.717017090395653e+22
127,4165.06640625,2.5218550463950802e+20
128,6079.50048828125,5.661755920920778e+25
129,34.95347213745117,1.986910343170166
130,4227.673828125,1.5572729001685904e+23
131,3645.723388671875,5.668315829532806e+32
132,6999.353515625,2.7461027875308616e+16
133,5525.56982421875,1.7368453450322906e+20
134,1384.0716552734375,13.828267753124237
135,75.67794799804688,2.1698954701423645
136,3552.349853515625,3.6160629451544986e+20
137,29384.41796875,2.3596329741321983e+22
138,50246.27734375,2.8649801071686466e+33
139,2786.642333984375,177082058205907.0
140,2594.99951171875,3.073556186078114e+22
141,82.53126525878906,2.175291657447815
142,35.02841567993164,1.7472057938575745
143,5770.7568359375,3.897960269646835e+29
144,46.417686462402344,2.4781984090805054
145,9525.087890625,2.5621154768837413e+34
146,7912.451171875,1.2182805811997178e+27
147,57.86884689331055,3.0235679149627686
148,21.277843475341797,2.2086227536201477
149,225.38978576660156,3.0131735801696777
150,20.6781005859375,2.3920845985412598
151,2549.065673828125,1.8243462014632474e+33
152,61.759033203125,1.7998736798763275
153,3066.11181640625,5.6073489476362646e+20
154,5999.763671875,2.366983511219849e+22
155,367.9030456542969,3.5532501190900803
156,2198.46044921875,2.4240927636216768e+23
157,1499.398193359375,30531192023.242188
158,2410.431396484375,1.855984475445276e+27
159,1917.771240234375,26.540689826011658
160,3072.3740234375,387818642809727.8
161,2160.494140625,3.9781703875331663e+33
162,79.11940002441406,5.478308737277985
163,4293.91845703125,1.3291274788556243e+20
164,8566.3466796875,Infinity
165,4527.0751953125,Infinity
166,4296.857421875,Infinity
167,15029.435546875,2.1938775119235085e+37
168,109.65291595458984,2.040066421031952
169,5819.0244140625,8.261564183072422e+35
170,4328.826171875,1.4837405330317e+37
171,6210.0224609375,9.880669437654315e+34
172,867.3145751953125,7.398526966571808
173,685.5015258789062,484.3646537065506
174,2873.47216796875,Infinity
175,12650.9736328125,3.858939621014659e+27
176,7005.220703125,2.7879140956884613e+26
177,1577.463623046875,1.415142847196388e+30
178,300.1213073730469,1.7632372677326202
179,36.37116241455078,1.807853490114212
180,170.1694793701172,1.7795248925685883
181,1912.7724609375,11852767.3125
182,4162.89453125,172890170.375
183,446.6072692871094,5.727881550788879
184,5122.23828125,2.874153242866314e+33
185,74.99846649169922,2.2093819081783295
186,13692.158203125,2.2743710312127197e+24
187,28.37970542907715,1.779367059469223
188,10573.6806640625,1.4528225146511883e+34
189,12739.5986328125,9.306763062630516e+24
190,7683.328125,4.199754846096831e+31
191,7130.71484375,Infinity
192,548.5857543945312,9.71079421043396
193,3454.574462890625,4.1921703805064325e+18
194,4296.6279296875,65551435169925.43
195,336.96575927734375,7.1409831047058105
196,1663.5950927734375,55729503.19909668
197,6175.376953125,1.854800411030722e+35
198,15020.19921875,311082963634.8937
199,2164.138671875,267319725003794.03
200,3606.673095703125,3413124796615.563
201,3784.155029296875,7.186180324780863e+27
202,22.07590675354004,1.7731295824050903
203,452.2591247558594,49.436508655548096
204,5363.833984375,8.551593563721931e+27
205,6076.00634765625,2.8003856513290344e+21
206,2105.2138671875,Infinity
207,4386.77099609375,7.851359257508783e+33
208,235.8557586669922,3.789950281381607
209,36.29010009765625,1.588613361120224
210,3541.913818359375,Infinity
211,10365.9423828125,Infinity
212,2312.80517578125,Infinity
213,10774.9736328125,Infinity
214,2208.16845703125,Infinity
215,4389.107421875,655.6507637500763
216,2706.927490234375,1.4804442805213405e+37
217,2588.064697265625,5.30470181410194e+34
218,4295.09521484375,9.242762749044332e+17
219,85739.0625,5.300381427404474e+22
220,1618.063232421875,475.96731519699097
221,2883.61083984375,Infinity
222,555.2977905273438,2.3033679723739624
223,5882.833984375,Infinity
224,172.97349548339844,2.0723665058612823
225,3312.487548828125,5.331875330824758e+37
226,3777.3466796875,Infinity
227,1033.4691162109375,Infinity
228,2710.8505859375,Infinity
229,3799.455810546875,7.04803951437532e+22
230,4449.06689453125,2.3821958361867163e+37
231,2440.4365234375,6.699400962621989e+33
232,3366.126953125,Infinity
233,2873.405029296875,Infinity
234,2680.084228515625,8.045001131424359e+34
235,1065.582275390625,3.008519471689445e+35
236,3288.465576171875,4.986149722912656e+35
237,3911.5458984375,4.1167413015752636e+34
238,23299.474609375,Infinity
239,4253.51953125,Infinity
240,4114.3896484375,Infinity
241,6801.67529296875,Infinity
242,2048.875,8.333825765434724e+27
243,5932.45703125,4.517638763882583e+31
244,7816.27490234375,1.7473860282434975e+36
245,8636.2255859375,9.93807795286101e+23
246,10006.6533203125,7.48866517489122e+29
247,3026.212890625,6081433720820.748
248,3317.131591796875,511988942581.33856
249,515.3394775390625,5.923937559127808
250,7177.697265625,Infinity
251,6058.5673828125,Infinity
252,2363.583251953125,1.2595153823981637e+28
253,12013.3935546875,2.160626225853942e+30
254,13471.705078125,Infinity
255,5322.61474609375,1.2609295682305402e+35
256,8200.9013671875,Infinity
257,2653.0810546875,4.001288314344576e+31
258,4632.93359375,Infinity
259,6290.42626953125,3.9237948169021768e+31
260,3592.06103515625,1.1675366003099814e+30
